Ticker,Company_Name,First_Quarter,Last_Quarter,Index_Start_Date,Index_End_Date,First_Available_Price_Date
ADCT,"ADC Telecommunications, Inc.",1997Q1,2003Q3,1997-01-01,2003-09-30,2020-05-18
PSFT,"PeopleSoft, Inc.",1997Q1,2005Q3,1997-01-01,2005-09-30,None
PMTC,Parametric Technology Corporation,1997Q1,2001Q3,1997-01-01,2001-09-30,None
PHYC,"PhyCor, Inc.",1997Q1,1998Q3,1997-01-01,1998-09-30,None
PETM,"PETsMART, Inc.",1997Q1,2008Q4,1997-01-01,2008-12-31,None
PAIR,"PairGain Technologies, Inc.",1997Q1,1998Q3,1997-01-01,1998-09-30,None
PAGE,"Paging Network, Inc.",1997Q1,1997Q4,1997-01-01,1997-12-31,2016-07-26
OXHP,"Oxford Health Plans, Inc.",1997Q1,1998Q3,1997-01-01,1998-09-30,None
OSSI,"Outback Steakhouse, Inc.",1997Q1,1997Q4,1997-01-01,1997-12-31,None
NXTL,Unknown Company,1997Q1,2005Q2,1997-01-01,2005-06-30,None
NWAC,Northwest Airlines Corporation,1997Q1,2000Q3,1997-01-01,2000-09-30,None
NOVL,"Novell, Inc.",1997Q1,2001Q3,1997-01-01,2001-09-30,None
NOBE,"Nordstrom, Inc.",1997Q1,1999Q1,1997-01-01,1999-03-31,None
NETA,"Network Associates, Inc.",1997Q1,2000Q3,1997-01-01,2000-09-30,None
MXIM,"Maxim Integrated Products, Inc.",1997Q1,2021Q3,1997-01-01,2021-09-30,None
MUEI,"Micron Electronics, Inc.",1997Q1,1999Q3,1997-01-01,1999-09-30,None
QNTM,Quantum Corporation,1997Q1,1999Q2,1997-01-01,1999-06-30,2018-06-08
MCIC,MCI Communications Corporation,1997Q1,1998Q2,1997-01-01,1998-06-30,1997-09-17
QTRN,Quintiles Transnational Corp.,1997Q1,2000Q3,1997-01-01,2000-09-30,None
RWIN,"Republic Industries, Inc.",1997Q1,1997Q1,1997-01-01,1997-03-31,2026-04-08
XLNX,Unknown Company,1997Q1,2022Q3,1997-01-01,2022-09-30,None
WTHG,"Worthington Industries, Inc.",1997Q1,1999Q3,1997-01-01,1999-09-30,None
WCOEQ,"WorldCom, Inc.",1997Q1,2002Q2,1997-01-01,2002-06-30,None
WCLX,Wisconsin Central Transportation,1997Q1,1998Q3,1997-01-01,1998-09-30,None
VKNG,"Viking Office Products, Inc.",1997Q1,1998Q2,1997-01-01,1998-06-30,None
USRX,U.S. Robotics Corporation,1997Q1,1997Q1,1997-01-01,1997-03-31,None
TYSNA,"Tyson Foods, Inc. Class A",1997Q1,1997Q3,1997-01-01,1997-09-30,None
TCOMA,"Tele-Communications, Inc.",1997Q1,1998Q4,1997-01-01,1998-12-31,None
SYBS,"Sybase, Inc.",1997Q1,1998Q3,1997-01-01,1998-09-30,None
SUNW,Unknown Company,1997Q1,2006Q4,1997-01-01,2006-12-31,None
STRY,Stryker Corporation,1997Q1,1997Q2,1997-01-01,1997-06-30,None
SPLS,Unknown Company,1997Q1,2015Q4,1997-01-01,2015-12-31,2026-01-16
SNDT,"SunGard Data Systems, Inc.",1997Q1,1997Q1,1997-01-01,1997-03-31,None
SNDK,Unknown Company,1997Q1,2026Q3,1997-01-01,2026-07-10,2025-02-13
SIAL,Sigma-Aldrich Corporation,1997Q1,2015Q2,1997-01-01,2015-06-30,None
RPOW,"RPM, Inc.",1997Q1,1997Q4,1997-01-01,1997-12-31,None
MCCRK,"McCormick & Company, Incorporated",1997Q1,1999Q1,1997-01-01,1999-03-31,None
PHSY,"PacifiCare Health Systems, Inc",1997Q1,2000Q3,1997-01-01,2000-09-30,None
KMAG,"Komag, Incorporated",1997Q1,1997Q4,1997-01-01,1997-12-31,2026-06-24
CMCSK,Comcast Corporation -Special Class A,1997Q1,2002Q3,1997-01-01,2002-09-30,None
CHIR,Unknown Company,1997Q1,2006Q3,1997-01-01,2006-09-30,2018-12-07
CEXP,"Corporate Express, Inc.",1997Q1,1999Q3,1997-01-01,1999-09-30,None
CEFT,"Concord EFS, Inc.",1997Q1,2002Q3,1997-01-01,2002-09-30,None
BOST,"Boston Chicken, Inc.",1997Q1,1997Q4,1997-01-01,1997-12-31,None
BMET,Unknown Company,1997Q1,2007Q2,1997-01-01,2007-06-30,None
BMCS,"BMC Software, Inc.",1997Q1,2000Q4,1997-01-01,2000-12-31,2010-07-23
BBBY,Bed Bath & Beyond Inc.,1997Q1,2016Q4,1997-01-01,2016-12-31,2002-05-30
ATML,Atmel Corporation,1997Q1,2002Q3,1997-01-01,2002-09-30,None
ASND,"Ascend Communications, Inc.",1997Q1,1999Q1,1997-01-01,1999-03-31,2015-01-28
APCC,American Power Conversion Corporation,1997Q1,2006Q4,1997-01-01,2006-12-31,None
LLTC,Unknown Company,1997Q1,2016Q3,1997-01-01,2016-09-30,None
ALTR,Altera Corporation,1997Q1,2015Q3,1997-01-01,2015-09-30,None
AGREA,American Greetings Corporation,1997Q1,1997Q4,1997-01-01,1997-12-31,None
ADPT,"Adaptec, Inc.",1997Q1,2000Q3,1997-01-01,2000-09-30,2019-06-27
CNTO,"Centocor, Inc.",1997Q1,1999Q3,1997-01-01,1999-09-30,2013-04-22
COMS,3Com Corporation,1997Q1,2001Q3,1997-01-01,2001-09-30,2008-08-15
ANDW,Andrew Corporation,1997Q1,1999Q3,1997-01-01,1999-09-30,None
CSCC,Cascade Communications Corp.,1997Q1,1997Q2,1997-01-01,1997-06-30,None
CPWR,Unknown Company,1997Q1,2005Q3,1997-01-01,2005-09-30,2006-12-04
IFMX,Informix Corporation,1997Q1,1997Q4,1997-01-01,1997-12-31,None
HBOC,HBO & Company,1997Q1,1998Q4,1997-01-01,1998-12-31,None
GNCI,"General Nutrition Companies, Inc.",1997Q1,1998Q3,1997-01-01,1998-09-30,None
GEMS,"Glenayre Technologies, Inc.",1997Q1,1997Q4,1997-01-01,1997-12-31,2012-01-13
GATE,"Gateway 2000, Inc.",1997Q1,1997Q1,1997-01-01,1997-03-31,None
GART,"Gartner Group, Inc. Class A",1997Q1,1998Q2,1997-01-01,1998-06-30,None
FORT,Fort Howard Corporation,1997Q1,1997Q2,1997-01-01,1997-06-30,None
GENZ,Unknown Company,1997Q1,2011Q1,1997-01-01,2011-03-31,2008-01-24
FHCC,First Health Group Corp.,1997Q1,2005Q3,1997-01-01,2005-09-30,None
FDLNB,"Food Lion, Inc.",1997Q1,1999Q2,1997-01-01,1999-06-30,None
ERTS,Unknown Company,1997Q1,2006Q4,1997-01-01,2006-12-31,None
DELL,Unknown Company,1997Q1,2013Q3,1997-01-01,2013-09-30,2016-08-17
FORE,"FORE Systems, Inc.",1997Q1,1999Q1,1997-01-01,1999-03-31,None
EFII,"Electronics for Imaging, Inc.",1997Q1,1999Q3,1997-01-01,1999-09-30,None
DIGI,DSC Communications Corporation,1997Q1,1998Q2,1997-01-01,1998-06-30,2010-05-13
NSCP,Netscape Communications Corporation,1997Q2,1998Q4,1997-04-01,1998-12-31,None
MLHR,"Herman Miller, Inc.",1997Q2,2000Q3,1997-04-01,2000-09-30,None
OFIS,U.S. Office Products Company,1997Q3,1998Q3,1997-07-01,1998-09-30,None
SPOT,PanAmSat Corporation,1997Q4,2004Q3,1997-10-01,2004-09-30,2018-04-03
TECD,Tech Data Corporation,1998Q1,1999Q3,1998-01-01,1999-09-30,None
RXSD,"Rexall Sundown, Inc.",1998Q1,1999Q3,1998-01-01,1999-09-30,None
RTRSY,Reuters Holdings Plc ADR,1998Q1,1999Q3,1998-01-01,1999-09-30,None
IMNX,Immunex Corporation,1998Q1,2002Q2,1998-01-01,2002-06-30,None
JCOR,Jacor Communications Inc.,1998Q1,1999Q1,1998-01-01,1999-03-31,None
ERICY,LM Ericsson Telephone Co ADR,1998Q1,2006Q3,1998-01-01,2006-09-30,None
AWIN,"Allied Waste Industries, Inc.",1998Q1,1998Q3,1998-01-01,1998-09-30,2023-02-06
CTXS,"Citrix Systems, Inc.",1998Q1,2021Q2,1998-01-01,2021-06-30,None
CATP,"Cambridge Technology Partners, Inc.",1998Q1,1999Q3,1998-01-01,1999-09-30,2002-12-17
APOL,"Apollo Group, Inc. ClA",1998Q1,2012Q4,1998-01-01,2012-12-31,None
AMFM,Chancellor Media Corporation,1998Q1,1999Q2,1998-01-01,1999-06-30,None
DURA,"Dura Pharmaceuticals, Inc.",1998Q1,1998Q3,1998-01-01,1998-09-30,2018-10-31
IACI,Unknown Company,1998Q3,2010Q3,1998-07-01,2010-09-30,None
LVLT,"Level 3 Communications, Inc.",1998Q3,2008Q4,1998-07-01,2008-12-31,None
QWST,"Qwest Communications International, Inc.",1998Q3,1999Q3,1998-07-01,1999-09-30,2023-04-24
YHOO,Yahoo! Inc.,1998Q3,2017Q3,1998-07-01,2017-09-30,None
VTSS,Vitesse Semiconductor Corporation,1998Q4,2002Q3,1998-10-01,2002-09-30,None
VRTS,VERITAS Software Corporation,1998Q4,2005Q3,1998-10-01,2005-09-30,2009-01-02
NTLI,NTL Incorporated,1998Q4,2006Q4,1998-10-01,2006-12-31,None
COMR,"Comair Holdings, Inc.",1998Q4,1999Q3,1998-10-01,1999-09-30,None
LNCR,"Lincare Holdings, Inc.",1998Q4,2006Q3,1998-10-01,2006-09-30,None
MCLD,McLeodUSA Incorporated,1998Q4,2001Q3,1998-10-01,2001-09-30,None
ATHMQ,At Home Corporation,1999Q1,2001Q3,1999-01-01,2001-09-30,None
CMGI,"CMGI, Inc.",1999Q1,2001Q3,1999-01-01,2001-09-30,None
VISX,"VISX, Incorporated",1999Q2,2000Q2,1999-04-01,2000-06-30,None
LCOS,"Lycos, Inc.",1999Q2,2000Q3,1999-04-01,2000-09-30,None
SEBL,"Siebel Systems, Inc.",1999Q2,2006Q3,1999-04-01,2006-09-30,None
JDSU,Unknown Company,1999Q2,2006Q3,1999-04-01,2006-09-30,None
CNET,"CNET, Inc.",1999Q2,2001Q3,1999-04-01,2001-09-30,2009-08-14
CNXT,"Conexant Systems, Inc.",1999Q3,2002Q3,1999-07-01,2002-09-30,2014-07-24
GBLX,Global Crossing Ltd,1999Q3,2000Q3,1999-07-01,2000-09-30,2003-12-29
VSTR,VoiceStream Wireless Corp.,1999Q4,2001Q1,1999-10-01,2001-03-31,None
SDLI,"SDL, Inc.",1999Q4,2000Q4,1999-10-01,2000-12-31,None
RNWK,"RealNetworks, Inc.",1999Q4,2001Q3,1999-10-01,2001-09-30,None
RFMD,"RF Micro Devices, Inc.",1999Q4,2003Q3,1999-10-01,2003-09-30,None
QLGC,QLogic Corporation,1999Q4,2005Q3,1999-10-01,2005-09-30,None
PMCS,"PMC - Sierra, Inc.",1999Q4,2002Q3,1999-10-01,2002-09-30,None
NSOL,"Network Solutions, Inc.",1999Q4,2000Q1,1999-10-01,2000-03-31,None
MFNX,"Metromedia Fiber Network, Inc.",1999Q4,2001Q3,1999-10-01,2001-09-30,None
LGTO,"Legato Systems, Inc.",1999Q4,2000Q3,1999-10-01,2000-09-30,None
ITWO,"i2 Technologies, Inc.",1999Q4,2002Q3,1999-10-01,2002-09-30,2024-09-05
GMSTE,Gemstar-TV Guide International Inc.,1999Q4,2002Q3,1999-10-01,2002-09-30,None
DISH,EchoStar Communications Corporation,1999Q4,2018Q3,1999-10-01,2018-09-30,None
BVSN,"BroadVision, Inc.",1999Q4,2001Q3,1999-10-01,2001-09-30,None
AMCC,Applied Micro Circuits Corporation,1999Q4,2002Q3,1999-10-01,2002-09-30,None
ADLAE,Adelphia Communications Corporation,1999Q4,2002Q1,1999-10-01,2002-03-31,None
MEDI,"MedImmune, Inc.",1999Q4,2007Q2,1999-10-01,2007-06-30,2022-11-17
JNPR,"Juniper Networks, Inc.",2000Q3,2009Q3,2000-07-01,2009-09-30,None
MERQ,Mercury Interactive Corporation,2000Q4,2006Q3,2000-10-01,2006-09-30,None
RATL,Rational Software Corporation,2000Q4,2002Q3,2000-10-01,2002-09-30,None
PALM,"Palm, Inc.",2000Q4,2001Q3,2000-10-01,2001-09-30,2014-12-22
MLNM,"Millennium Pharmaceuticals, Inc.",2000Q4,2005Q3,2000-10-01,2005-09-30,None
INKT,Inktomi Corporation,2000Q4,2001Q3,2000-10-01,2001-09-30,2021-10-15
EXDSQ,"Exodus Communications, Inc.",2000Q4,2001Q3,2000-10-01,2001-09-30,None
BRCM,Broadcom Corporation - Class A,2000Q4,2006Q4,2000-10-01,2006-12-31,None
BEAS,"BEA Systems, Inc.",2000Q4,2008Q1,2000-10-01,2008-03-31,None
ARBA,"Ariba, Inc.",2000Q4,2001Q3,2000-10-01,2001-09-30,None
ABGX,"Abgenix, Inc.",2000Q4,2002Q3,2000-10-01,2002-09-30,None
HGSI,"Human Genome Sciences, Inc.",2000Q4,2003Q3,2000-10-01,2003-09-30,None
BRCD,"Brocade Communication Systems, Inc.",2001Q1,2003Q3,2001-01-01,2003-09-30,None
NVLS,"Novellus Systems, Inc.",2001Q1,2005Q3,2001-01-01,2005-09-30,None
CYTC,CYTYC Corporation,2001Q4,2002Q3,2001-10-01,2002-09-30,None
SEPR,Sepracor Inc.,2001Q4,2008Q1,2001-10-01,2008-03-31,None
PDLI,"Protein Design Labs, Inc.",2001Q4,2002Q3,2001-10-01,2002-09-30,None
IVGN,Invitrogen Corporation,2001Q4,2005Q3,2001-10-01,2005-09-30,None
IMCL,ImClone Systems Incorporated,2001Q4,2002Q3,2001-10-01,2002-09-30,2019-03-08
IDTI,"Integrated Device Technology, Inc.",2001Q4,2002Q3,2001-10-01,2002-09-30,None
CHTR,"Charter Communications, Inc.",2001Q4,2026Q1,2001-10-01,2026-03-31,2010-01-05
ESRX,"Express Scripts, Inc.",2001Q4,2018Q4,2001-10-01,2018-12-31,None
SYMC,Symantec Corporation,2001Q4,2006Q4,2001-10-01,2006-12-31,None
CEPH,"Cephalon, Inc.",2001Q4,2011Q3,2001-10-01,2011-09-30,None
CDWC,"CDW Computer Centers, Inc.",2001Q4,2007Q3,2001-10-01,2007-09-30,None
ADRX,Andrx Group,2001Q4,2002Q3,2001-10-01,2002-09-30,None
ICOS,ICOS Corporation,2001Q4,2003Q3,2001-10-01,2003-09-30,None
PIXR,Pixar,2002Q4,2006Q3,2002-10-01,2006-09-30,None
WFMI,"Whole Foods Market, Inc.",2002Q4,2008Q4,2002-10-01,2008-12-31,None
PDCO,Patterson Dental Company,2002Q4,2011Q1,2002-10-01,2011-03-31,None
RIMM,Research in Motion Limited,2003Q4,2012Q4,2003-10-01,2012-12-31,None
ISIL,Intersil Corporation,2003Q4,2005Q3,2003-10-01,2005-09-30,None
ATYT,ATI Technologies Inc.,2003Q4,2006Q3,2003-10-01,2006-09-30,None
ATVI,Unknown Company,2005Q4,2023Q3,2005-10-01,2023-09-30,None
CELG,Unknown Company,2005Q4,2019Q3,2005-10-01,2019-09-30,None
CKFR,Unknown Company,2005Q4,2007Q3,2005-10-01,2007-09-30,None
DISCA,Unknown Company,2005Q4,2018Q2,2005-10-01,2018-06-30,None
MCIP,Unknown Company,2005Q4,2005Q4,2005-10-01,2005-12-31,None
NIHD,Unknown Company,2005Q4,2012Q1,2005-10-01,2012-03-31,None
RHAT,Unknown Company,2005Q4,2006Q3,2005-10-01,2006-09-30,None
SHLD,Unknown Company,2005Q4,2014Q1,2005-10-01,2014-03-31,2023-09-14
XMSR,Unknown Company,2005Q4,2008Q1,2005-10-01,2008-03-31,None
LINTA,Unknown Company,2006Q4,2006Q4,2006-10-01,2006-12-31,None
MICC,Unknown Company,2006Q4,2011Q2,2006-10-01,2011-06-30,2025-12-08
AEOS,Unknown Company,2006Q4,2007Q1,2006-10-01,2007-03-31,None
JOYG,Unknown Company,2006Q4,2011Q3,2006-10-01,2011-09-30,None
DISCK,Unknown Company,2007Q1,2018Q2,2007-01-01,2018-06-30,None
FI,Unknown Company,2007Q1,2023Q1,2007-01-01,2023-03-31,None
FOXA,Unknown Company,2007Q1,2021Q4,2007-01-01,2021-12-31,2019-03-12
JAVA,Unknown Company,2007Q1,2009Q3,2007-01-01,2009-09-30,2021-10-05
LMCK,Unknown Company,2007Q1,2016Q2,2007-01-01,2016-06-30,None
NLOK,Unknown Company,2007Q1,2020Q1,2007-01-01,2020-03-31,None
NLTI,Unknown Company,2007Q1,2007Q3,2007-01-01,2007-09-30,None
QRTEA,Unknown Company,2007Q1,2018Q4,2007-01-01,2018-12-31,None
UAUA,Unknown Company,2007Q2,2008Q3,2007-04-01,2008-09-30,None
FWLT,Unknown Company,2007Q3,2011Q1,2007-07-01,2011-03-31,None
LEAP,Unknown Company,2007Q4,2008Q4,2007-10-01,2008-12-31,None
SRCL,Unknown Company,2008Q2,2016Q4,2008-04-01,2016-12-31,None
HOLX,Unknown Company,2008Q2,2018Q4,2008-04-01,2018-12-31,None
DTV,Unknown Company,2008Q2,2015Q2,2008-04-01,2015-06-30,None
HANS,Unknown Company,2008Q2,2010Q3,2008-04-01,2010-09-30,None
CA,Unknown Company,2008Q3,2018Q3,2008-07-01,2018-09-30,2023-12-13
FLIR,Unknown Company,2008Q4,2012Q1,2008-10-01,2012-03-31,None
LIFE,Unknown Company,2009Q1,2013Q3,2009-01-01,2013-09-30,2026-01-29
PPDI,Unknown Company,2009Q1,2010Q3,2009-01-01,2010-09-30,None
WCRX,Unknown Company,2009Q1,2012Q4,2009-01-01,2012-12-31,None
CERN,Unknown Company,2009Q4,2021Q4,2009-10-01,2021-12-31,None
BMC,Unknown Company,2010Q4,2013Q2,2010-10-01,2013-06-30,2012-06-18
MYL,Unknown Company,2010Q4,2020Q1,2010-10-01,2020-03-31,None
WFM,Unknown Company,2011Q2,2016Q4,2011-04-01,2016-12-31,None
ALXN,Unknown Company,2011Q2,2021Q2,2011-04-01,2021-06-30,None
GMCR,Unknown Company,2011Q3,2015Q4,2011-07-01,2015-12-31,None
GOLD,Unknown Company,2012Q2,2013Q3,2012-04-01,2013-09-30,2014-03-17
NUAN,Unknown Company,2012Q2,2014Q1,2012-04-01,2014-03-31,None
VIAB,Unknown Company,2012Q3,2018Q2,2012-07-01,2018-06-30,None
CTRX,Unknown Company,2013Q1,2015Q2,2013-01-01,2015-06-30,None
STRZA,Unknown Company,2013Q1,2013Q1,2013-01-01,2013-03-31,None
KRFT,Unknown Company,2013Q2,2015Q2,2013-04-01,2015-06-30,None
LMCA,Unknown Company,2013Q2,2016Q2,2013-04-01,2016-06-30,None
FOX,Unknown Company,2015Q1,2021Q4,2015-01-01,2021-12-31,2019-03-13
WBA,Unknown Company,2015Q3,2024Q3,2015-07-01,2024-09-30,None
ENDP,Unknown Company,2016Q1,2016Q3,2016-01-01,2016-09-30,None
SHPG,Unknown Company,2016Q4,2018Q4,2016-10-01,2018-12-31,None
SGEN,Unknown Company,2020Q2,2023Q3,2020-04-01,2023-09-30,None
ANSS,Unknown Company,2020Q2,2025Q2,2020-04-01,2025-06-30,None
SPLK,Unknown Company,2020Q2,2024Q1,2020-04-01,2024-03-31,None
