Quarter,Missing_Count,Missing_Tickers
1997Q1,74,"ADCT (ADC Telecommunications, Inc.), ADPT (Adaptec, Inc.), AGREA (American Greetings Corporation), ALTR (Altera Corporation), ANDW (Andrew Corporation), APCC (American Power Conversion Corporation), ASND (Ascend Communications, Inc.), ATML (Atmel Corporation), BBBY (Bed Bath & Beyond Inc.), BMCS (BMC Software, Inc.), BMET (Unknown Company), BOST (Boston Chicken, Inc.), CEFT (Concord EFS, Inc.), CEXP (Corporate Express, Inc.), CHIR (Unknown Company), CMCSK (Comcast Corporation -Special Class A), CNTO (Centocor, Inc.), COMS (3Com Corporation), CPWR (Unknown Company), CSCC (Cascade Communications Corp.), DELL (Unknown Company), DIGI (DSC Communications Corporation), EFII (Electronics for Imaging, Inc.), ERTS (Unknown Company), FDLNB (Food Lion, Inc.), FHCC (First Health Group Corp.), FORE (FORE Systems, Inc.), FORT (Fort Howard Corporation), GART (Gartner Group, Inc. Class A), GATE (Gateway 2000, Inc.), GEMS (Glenayre Technologies, Inc.), GENZ (Unknown Company), GNCI (General Nutrition Companies, Inc.), HBOC (HBO & Company), IFMX (Informix Corporation), KMAG (Komag, Incorporated), LLTC (Unknown Company), MCCRK (McCormick & Company, Incorporated), MCIC (MCI Communications Corporation), MUEI (Micron Electronics, Inc.), MXIM (Maxim Integrated Products, Inc.), NETA (Network Associates, Inc.), NOBE (Nordstrom, Inc.), NOVL (Novell, Inc.), NWAC (Northwest Airlines Corporation), NXTL (Unknown Company), OSSI (Outback Steakhouse, Inc.), OXHP (Oxford Health Plans, Inc.), PAGE (Paging Network, Inc.), PAIR (PairGain Technologies, Inc.), PETM (PETsMART, Inc.), PHSY (PacifiCare Health Systems, Inc), PHYC (PhyCor, Inc.), PMTC (Parametric Technology Corporation), PSFT (PeopleSoft, Inc.), QNTM (Quantum Corporation), QTRN (Quintiles Transnational Corp.), RPOW (RPM, Inc.), RWIN (Republic Industries, Inc.), SIAL (Sigma-Aldrich Corporation), SNDK (Unknown Company), SNDT (SunGard Data Systems, Inc.), SPLS (Unknown Company), STRY (Stryker Corporation), SUNW (Unknown Company), SYBS (Sybase, Inc.), TCOMA (Tele-Communications, Inc.), TYSNA (Tyson Foods, Inc. Class A), USRX (U.S. Robotics Corporation), VKNG (Viking Office Products, Inc.), WCLX (Wisconsin Central Transportation), WCOEQ (WorldCom, Inc.), WTHG (Worthington Industries, Inc.), XLNX (Unknown Company)"
1997Q2,72,"ADCT (ADC Telecommunications, Inc.), ADPT (Adaptec, Inc.), AGREA (American Greetings Corporation), ALTR (Altera Corporation), ANDW (Andrew Corporation), APCC (American Power Conversion Corporation), ASND (Ascend Communications, Inc.), ATML (Atmel Corporation), BBBY (Bed Bath & Beyond Inc.), BMCS (BMC Software, Inc.), BMET (Unknown Company), BOST (Boston Chicken, Inc.), CEFT (Concord EFS, Inc.), CEXP (Corporate Express, Inc.), CHIR (Unknown Company), CMCSK (Comcast Corporation -Special Class A), CNTO (Centocor, Inc.), COMS (3Com Corporation), CPWR (Unknown Company), CSCC (Cascade Communications Corp.), DELL (Unknown Company), DIGI (DSC Communications Corporation), EFII (Electronics for Imaging, Inc.), ERTS (Unknown Company), FDLNB (Food Lion, Inc.), FHCC (First Health Group Corp.), FORE (FORE Systems, Inc.), FORT (Fort Howard Corporation), GART (Gartner Group, Inc. Class A), GEMS (Glenayre Technologies, Inc.), GENZ (Unknown Company), GNCI (General Nutrition Companies, Inc.), HBOC (HBO & Company), IFMX (Informix Corporation), KMAG (Komag, Incorporated), LLTC (Unknown Company), MCCRK (McCormick & Company, Incorporated), MCIC (MCI Communications Corporation), MLHR (Herman Miller, Inc.), MUEI (Micron Electronics, Inc.), MXIM (Maxim Integrated Products, Inc.), NETA (Network Associates, Inc.), NOBE (Nordstrom, Inc.), NOVL (Novell, Inc.), NSCP (Netscape Communications Corporation), NWAC (Northwest Airlines Corporation), NXTL (Unknown Company), OSSI (Outback Steakhouse, Inc.), OXHP (Oxford Health Plans, Inc.), PAGE (Paging Network, Inc.), PAIR (PairGain Technologies, Inc.), PETM (PETsMART, Inc.), PHSY (PacifiCare Health Systems, Inc), PHYC (PhyCor, Inc.), PMTC (Parametric Technology Corporation), PSFT (PeopleSoft, Inc.), QNTM (Quantum Corporation), QTRN (Quintiles Transnational Corp.), RPOW (RPM, Inc.), SIAL (Sigma-Aldrich Corporation), SNDK (Unknown Company), SPLS (Unknown Company), STRY (Stryker Corporation), SUNW (Unknown Company), SYBS (Sybase, Inc.), TCOMA (Tele-Communications, Inc.), TYSNA (Tyson Foods, Inc. Class A), VKNG (Viking Office Products, Inc.), WCLX (Wisconsin Central Transportation), WCOEQ (WorldCom, Inc.), WTHG (Worthington Industries, Inc.), XLNX (Unknown Company)"
1997Q3,70,"ADCT (ADC Telecommunications, Inc.), ADPT (Adaptec, Inc.), AGREA (American Greetings Corporation), ALTR (Altera Corporation), ANDW (Andrew Corporation), APCC (American Power Conversion Corporation), ASND (Ascend Communications, Inc.), ATML (Atmel Corporation), BBBY (Bed Bath & Beyond Inc.), BMCS (BMC Software, Inc.), BMET (Unknown Company), BOST (Boston Chicken, Inc.), CEFT (Concord EFS, Inc.), CEXP (Corporate Express, Inc.), CHIR (Unknown Company), CMCSK (Comcast Corporation -Special Class A), CNTO (Centocor, Inc.), COMS (3Com Corporation), CPWR (Unknown Company), DELL (Unknown Company), DIGI (DSC Communications Corporation), EFII (Electronics for Imaging, Inc.), ERTS (Unknown Company), FDLNB (Food Lion, Inc.), FHCC (First Health Group Corp.), FORE (FORE Systems, Inc.), GART (Gartner Group, Inc. Class A), GEMS (Glenayre Technologies, Inc.), GENZ (Unknown Company), GNCI (General Nutrition Companies, Inc.), HBOC (HBO & Company), IFMX (Informix Corporation), KMAG (Komag, Incorporated), LLTC (Unknown Company), MCCRK (McCormick & Company, Incorporated), MCIC (MCI Communications Corporation), MLHR (Herman Miller, Inc.), MUEI (Micron Electronics, Inc.), MXIM (Maxim Integrated Products, Inc.), NETA (Network Associates, Inc.), NOBE (Nordstrom, Inc.), NOVL (Novell, Inc.), NSCP (Netscape Communications Corporation), NWAC (Northwest Airlines Corporation), NXTL (Unknown Company), OFIS (U.S. Office Products Company), OSSI (Outback Steakhouse, Inc.), OXHP (Oxford Health Plans, Inc.), PAGE (Paging Network, Inc.), PAIR (PairGain Technologies, Inc.), PETM (PETsMART, Inc.), PHSY (PacifiCare Health Systems, Inc), PHYC (PhyCor, Inc.), PMTC (Parametric Technology Corporation), PSFT (PeopleSoft, Inc.), QNTM (Quantum Corporation), QTRN (Quintiles Transnational Corp.), RPOW (RPM, Inc.), SIAL (Sigma-Aldrich Corporation), SNDK (Unknown Company), SPLS (Unknown Company), SUNW (Unknown Company), SYBS (Sybase, Inc.), TCOMA (Tele-Communications, Inc.), TYSNA (Tyson Foods, Inc. Class A), VKNG (Viking Office Products, Inc.), WCLX (Wisconsin Central Transportation), WCOEQ (WorldCom, Inc.), WTHG (Worthington Industries, Inc.), XLNX (Unknown Company)"
1997Q4,70,"ADCT (ADC Telecommunications, Inc.), ADPT (Adaptec, Inc.), AGREA (American Greetings Corporation), ALTR (Altera Corporation), ANDW (Andrew Corporation), APCC (American Power Conversion Corporation), ASND (Ascend Communications, Inc.), ATML (Atmel Corporation), BBBY (Bed Bath & Beyond Inc.), BMCS (BMC Software, Inc.), BMET (Unknown Company), BOST (Boston Chicken, Inc.), CEFT (Concord EFS, Inc.), CEXP (Corporate Express, Inc.), CHIR (Unknown Company), CMCSK (Comcast Corporation -Special Class A), CNTO (Centocor, Inc.), COMS (3Com Corporation), CPWR (Unknown Company), DELL (Unknown Company), DIGI (DSC Communications Corporation), EFII (Electronics for Imaging, Inc.), ERTS (Unknown Company), FDLNB (Food Lion, Inc.), FHCC (First Health Group Corp.), FORE (FORE Systems, Inc.), GART (Gartner Group, Inc. Class A), GEMS (Glenayre Technologies, Inc.), GENZ (Unknown Company), GNCI (General Nutrition Companies, Inc.), HBOC (HBO & Company), IFMX (Informix Corporation), KMAG (Komag, Incorporated), LLTC (Unknown Company), MCCRK (McCormick & Company, Incorporated), MCIC (MCI Communications Corporation), MLHR (Herman Miller, Inc.), MUEI (Micron Electronics, Inc.), MXIM (Maxim Integrated Products, Inc.), NETA (Network Associates, Inc.), NOBE (Nordstrom, Inc.), NOVL (Novell, Inc.), NSCP (Netscape Communications Corporation), NWAC (Northwest Airlines Corporation), NXTL (Unknown Company), OFIS (U.S. Office Products Company), OSSI (Outback Steakhouse, Inc.), OXHP (Oxford Health Plans, Inc.), PAGE (Paging Network, Inc.), PAIR (PairGain Technologies, Inc.), PETM (PETsMART, Inc.), PHSY (PacifiCare Health Systems, Inc), PHYC (PhyCor, Inc.), PMTC (Parametric Technology Corporation), PSFT (PeopleSoft, Inc.), QNTM (Quantum Corporation), QTRN (Quintiles Transnational Corp.), RPOW (RPM, Inc.), SIAL (Sigma-Aldrich Corporation), SNDK (Unknown Company), SPLS (Unknown Company), SPOT (PanAmSat Corporation), SUNW (Unknown Company), SYBS (Sybase, Inc.), TCOMA (Tele-Communications, Inc.), VKNG (Viking Office Products, Inc.), WCLX (Wisconsin Central Transportation), WCOEQ (WorldCom, Inc.), WTHG (Worthington Industries, Inc.), XLNX (Unknown Company)"
1998Q1,73,"ADCT (ADC Telecommunications, Inc.), ADPT (Adaptec, Inc.), ALTR (Altera Corporation), AMFM (Chancellor Media Corporation), ANDW (Andrew Corporation), APCC (American Power Conversion Corporation), APOL (Apollo Group, Inc. ClA), ASND (Ascend Communications, Inc.), ATML (Atmel Corporation), AWIN (Allied Waste Industries, Inc.), BBBY (Bed Bath & Beyond Inc.), BMCS (BMC Software, Inc.), BMET (Unknown Company), CATP (Cambridge Technology Partners, Inc.), CEFT (Concord EFS, Inc.), CEXP (Corporate Express, Inc.), CHIR (Unknown Company), CMCSK (Comcast Corporation -Special Class A), CNTO (Centocor, Inc.), COMS (3Com Corporation), CPWR (Unknown Company), CTXS (Citrix Systems, Inc.), DELL (Unknown Company), DIGI (DSC Communications Corporation), DURA (Dura Pharmaceuticals, Inc.), EFII (Electronics for Imaging, Inc.), ERICY (LM Ericsson Telephone Co ADR), ERTS (Unknown Company), FDLNB (Food Lion, Inc.), FHCC (First Health Group Corp.), FORE (FORE Systems, Inc.), GART (Gartner Group, Inc. Class A), GENZ (Unknown Company), GNCI (General Nutrition Companies, Inc.), HBOC (HBO & Company), IMNX (Immunex Corporation), JCOR (Jacor Communications Inc.), LLTC (Unknown Company), MCCRK (McCormick & Company, Incorporated), MCIC (MCI Communications Corporation), MLHR (Herman Miller, Inc.), MUEI (Micron Electronics, Inc.), MXIM (Maxim Integrated Products, Inc.), NETA (Network Associates, Inc.), NOBE (Nordstrom, Inc.), NOVL (Novell, Inc.), NSCP (Netscape Communications Corporation), NWAC (Northwest Airlines Corporation), NXTL (Unknown Company), OFIS (U.S. Office Products Company), OXHP (Oxford Health Plans, Inc.), PAIR (PairGain Technologies, Inc.), PHSY (PacifiCare Health Systems, Inc), PHYC (PhyCor, Inc.), PMTC (Parametric Technology Corporation), PSFT (PeopleSoft, Inc.), QNTM (Quantum Corporation), QTRN (Quintiles Transnational Corp.), RTRSY (Reuters Holdings Plc ADR), RXSD (Rexall Sundown, Inc.), SIAL (Sigma-Aldrich Corporation), SNDK (Unknown Company), SPLS (Unknown Company), SPOT (PanAmSat Corporation), SUNW (Unknown Company), SYBS (Sybase, Inc.), TCOMA (Tele-Communications, Inc.), TECD (Tech Data Corporation), VKNG (Viking Office Products, Inc.), WCLX (Wisconsin Central Transportation), WCOEQ (WorldCom, Inc.), WTHG (Worthington Industries, Inc.), XLNX (Unknown Company)"
1998Q2,73,"ADCT (ADC Telecommunications, Inc.), ADPT (Adaptec, Inc.), ALTR (Altera Corporation), AMFM (Chancellor Media Corporation), ANDW (Andrew Corporation), APCC (American Power Conversion Corporation), APOL (Apollo Group, Inc. ClA), ASND (Ascend Communications, Inc.), ATML (Atmel Corporation), AWIN (Allied Waste Industries, Inc.), BBBY (Bed Bath & Beyond Inc.), BMCS (BMC Software, Inc.), BMET (Unknown Company), CATP (Cambridge Technology Partners, Inc.), CEFT (Concord EFS, Inc.), CEXP (Corporate Express, Inc.), CHIR (Unknown Company), CMCSK (Comcast Corporation -Special Class A), CNTO (Centocor, Inc.), COMS (3Com Corporation), CPWR (Unknown Company), CTXS (Citrix Systems, Inc.), DELL (Unknown Company), DIGI (DSC Communications Corporation), DURA (Dura Pharmaceuticals, Inc.), EFII (Electronics for Imaging, Inc.), ERICY (LM Ericsson Telephone Co ADR), ERTS (Unknown Company), FDLNB (Food Lion, Inc.), FHCC (First Health Group Corp.), FORE (FORE Systems, Inc.), GART (Gartner Group, Inc. Class A), GENZ (Unknown Company), GNCI (General Nutrition Companies, Inc.), HBOC (HBO & Company), IMNX (Immunex Corporation), JCOR (Jacor Communications Inc.), LLTC (Unknown Company), MCCRK (McCormick & Company, Incorporated), MCIC (MCI Communications Corporation), MLHR (Herman Miller, Inc.), MUEI (Micron Electronics, Inc.), MXIM (Maxim Integrated Products, Inc.), NETA (Network Associates, Inc.), NOBE (Nordstrom, Inc.), NOVL (Novell, Inc.), NSCP (Netscape Communications Corporation), NWAC (Northwest Airlines Corporation), NXTL (Unknown Company), OFIS (U.S. Office Products Company), OXHP (Oxford Health Plans, Inc.), PAIR (PairGain Technologies, Inc.), PHSY (PacifiCare Health Systems, Inc), PHYC (PhyCor, Inc.), PMTC (Parametric Technology Corporation), PSFT (PeopleSoft, Inc.), QNTM (Quantum Corporation), QTRN (Quintiles Transnational Corp.), RTRSY (Reuters Holdings Plc ADR), RXSD (Rexall Sundown, Inc.), SIAL (Sigma-Aldrich Corporation), SNDK (Unknown Company), SPLS (Unknown Company), SPOT (PanAmSat Corporation), SUNW (Unknown Company), SYBS (Sybase, Inc.), TCOMA (Tele-Communications, Inc.), TECD (Tech Data Corporation), VKNG (Viking Office Products, Inc.), WCLX (Wisconsin Central Transportation), WCOEQ (WorldCom, Inc.), WTHG (Worthington Industries, Inc.), XLNX (Unknown Company)"
1998Q3,73,"ADCT (ADC Telecommunications, Inc.), ADPT (Adaptec, Inc.), ALTR (Altera Corporation), AMFM (Chancellor Media Corporation), ANDW (Andrew Corporation), APCC (American Power Conversion Corporation), APOL (Apollo Group, Inc. ClA), ASND (Ascend Communications, Inc.), ATML (Atmel Corporation), AWIN (Allied Waste Industries, Inc.), BBBY (Bed Bath & Beyond Inc.), BMCS (BMC Software, Inc.), BMET (Unknown Company), CATP (Cambridge Technology Partners, Inc.), CEFT (Concord EFS, Inc.), CEXP (Corporate Express, Inc.), CHIR (Unknown Company), CMCSK (Comcast Corporation -Special Class A), CNTO (Centocor, Inc.), COMS (3Com Corporation), CPWR (Unknown Company), CTXS (Citrix Systems, Inc.), DELL (Unknown Company), DURA (Dura Pharmaceuticals, Inc.), EFII (Electronics for Imaging, Inc.), ERICY (LM Ericsson Telephone Co ADR), ERTS (Unknown Company), FDLNB (Food Lion, Inc.), FHCC (First Health Group Corp.), FORE (FORE Systems, Inc.), GENZ (Unknown Company), GNCI (General Nutrition Companies, Inc.), HBOC (HBO & Company), IACI (Unknown Company), IMNX (Immunex Corporation), JCOR (Jacor Communications Inc.), LLTC (Unknown Company), LVLT (Level 3 Communications, Inc.), MCCRK (McCormick & Company, Incorporated), MLHR (Herman Miller, Inc.), MUEI (Micron Electronics, Inc.), MXIM (Maxim Integrated Products, Inc.), NETA (Network Associates, Inc.), NOBE (Nordstrom, Inc.), NOVL (Novell, Inc.), NSCP (Netscape Communications Corporation), NWAC (Northwest Airlines Corporation), NXTL (Unknown Company), OFIS (U.S. Office Products Company), OXHP (Oxford Health Plans, Inc.), PAIR (PairGain Technologies, Inc.), PHSY (PacifiCare Health Systems, Inc), PHYC (PhyCor, Inc.), PMTC (Parametric Technology Corporation), PSFT (PeopleSoft, Inc.), QNTM (Quantum Corporation), QTRN (Quintiles Transnational Corp.), QWST (Qwest Communications International, Inc.), RTRSY (Reuters Holdings Plc ADR), RXSD (Rexall Sundown, Inc.), SIAL (Sigma-Aldrich Corporation), SNDK (Unknown Company), SPLS (Unknown Company), SPOT (PanAmSat Corporation), SUNW (Unknown Company), SYBS (Sybase, Inc.), TCOMA (Tele-Communications, Inc.), TECD (Tech Data Corporation), WCLX (Wisconsin Central Transportation), WCOEQ (WorldCom, Inc.), WTHG (Worthington Industries, Inc.), XLNX (Unknown Company), YHOO (Yahoo! Inc.)"
1998Q4,70,"ADCT (ADC Telecommunications, Inc.), ADPT (Adaptec, Inc.), ALTR (Altera Corporation), AMFM (Chancellor Media Corporation), ANDW (Andrew Corporation), APCC (American Power Conversion Corporation), APOL (Apollo Group, Inc. ClA), ASND (Ascend Communications, Inc.), ATML (Atmel Corporation), BBBY (Bed Bath & Beyond Inc.), BMCS (BMC Software, Inc.), BMET (Unknown Company), CATP (Cambridge Technology Partners, Inc.), CEFT (Concord EFS, Inc.), CEXP (Corporate Express, Inc.), CHIR (Unknown Company), CMCSK (Comcast Corporation -Special Class A), CNTO (Centocor, Inc.), COMR (Comair Holdings, Inc.), COMS (3Com Corporation), CPWR (Unknown Company), CTXS (Citrix Systems, Inc.), DELL (Unknown Company), EFII (Electronics for Imaging, Inc.), ERICY (LM Ericsson Telephone Co ADR), ERTS (Unknown Company), FDLNB (Food Lion, Inc.), FHCC (First Health Group Corp.), FORE (FORE Systems, Inc.), GENZ (Unknown Company), HBOC (HBO & Company), IACI (Unknown Company), IMNX (Immunex Corporation), JCOR (Jacor Communications Inc.), LLTC (Unknown Company), LNCR (Lincare Holdings, Inc.), LVLT (Level 3 Communications, Inc.), MCCRK (McCormick & Company, Incorporated), MCLD (McLeodUSA Incorporated), MLHR (Herman Miller, Inc.), MUEI (Micron Electronics, Inc.), MXIM (Maxim Integrated Products, Inc.), NETA (Network Associates, Inc.), NOBE (Nordstrom, Inc.), NOVL (Novell, Inc.), NSCP (Netscape Communications Corporation), NTLI (NTL Incorporated), NWAC (Northwest Airlines Corporation), NXTL (Unknown Company), PHSY (PacifiCare Health Systems, Inc), PMTC (Parametric Technology Corporation), PSFT (PeopleSoft, Inc.), QNTM (Quantum Corporation), QTRN (Quintiles Transnational Corp.), QWST (Qwest Communications International, Inc.), RTRSY (Reuters Holdings Plc ADR), RXSD (Rexall Sundown, Inc.), SIAL (Sigma-Aldrich Corporation), SNDK (Unknown Company), SPLS (Unknown Company), SPOT (PanAmSat Corporation), SUNW (Unknown Company), TCOMA (Tele-Communications, Inc.), TECD (Tech Data Corporation), VRTS (VERITAS Software Corporation), VTSS (Vitesse Semiconductor Corporation), WCOEQ (WorldCom, Inc.), WTHG (Worthington Industries, Inc.), XLNX (Unknown Company), YHOO (Yahoo! Inc.)"
1999Q1,69,"ADCT (ADC Telecommunications, Inc.), ADPT (Adaptec, Inc.), ALTR (Altera Corporation), AMFM (Chancellor Media Corporation), ANDW (Andrew Corporation), APCC (American Power Conversion Corporation), APOL (Apollo Group, Inc. ClA), ASND (Ascend Communications, Inc.), ATHMQ (At Home Corporation), ATML (Atmel Corporation), BBBY (Bed Bath & Beyond Inc.), BMCS (BMC Software, Inc.), BMET (Unknown Company), CATP (Cambridge Technology Partners, Inc.), CEFT (Concord EFS, Inc.), CEXP (Corporate Express, Inc.), CHIR (Unknown Company), CMCSK (Comcast Corporation -Special Class A), CMGI (CMGI, Inc.), CNTO (Centocor, Inc.), COMR (Comair Holdings, Inc.), COMS (3Com Corporation), CPWR (Unknown Company), CTXS (Citrix Systems, Inc.), DELL (Unknown Company), EFII (Electronics for Imaging, Inc.), ERICY (LM Ericsson Telephone Co ADR), ERTS (Unknown Company), FDLNB (Food Lion, Inc.), FHCC (First Health Group Corp.), FORE (FORE Systems, Inc.), GENZ (Unknown Company), IACI (Unknown Company), IMNX (Immunex Corporation), JCOR (Jacor Communications Inc.), LLTC (Unknown Company), LNCR (Lincare Holdings, Inc.), LVLT (Level 3 Communications, Inc.), MCCRK (McCormick & Company, Incorporated), MCLD (McLeodUSA Incorporated), MLHR (Herman Miller, Inc.), MUEI (Micron Electronics, Inc.), MXIM (Maxim Integrated Products, Inc.), NETA (Network Associates, Inc.), NOBE (Nordstrom, Inc.), NOVL (Novell, Inc.), NTLI (NTL Incorporated), NWAC (Northwest Airlines Corporation), NXTL (Unknown Company), PHSY (PacifiCare Health Systems, Inc), PMTC (Parametric Technology Corporation), PSFT (PeopleSoft, Inc.), QNTM (Quantum Corporation), QTRN (Quintiles Transnational Corp.), QWST (Qwest Communications International, Inc.), RTRSY (Reuters Holdings Plc ADR), RXSD (Rexall Sundown, Inc.), SIAL (Sigma-Aldrich Corporation), SNDK (Unknown Company), SPLS (Unknown Company), SPOT (PanAmSat Corporation), SUNW (Unknown Company), TECD (Tech Data Corporation), VRTS (VERITAS Software Corporation), VTSS (Vitesse Semiconductor Corporation), WCOEQ (WorldCom, Inc.), WTHG (Worthington Industries, Inc.), XLNX (Unknown Company), YHOO (Yahoo! Inc.)"
1999Q2,69,"ADCT (ADC Telecommunications, Inc.), ADPT (Adaptec, Inc.), ALTR (Altera Corporation), AMFM (Chancellor Media Corporation), ANDW (Andrew Corporation), APCC (American Power Conversion Corporation), APOL (Apollo Group, Inc. ClA), ATHMQ (At Home Corporation), ATML (Atmel Corporation), BBBY (Bed Bath & Beyond Inc.), BMCS (BMC Software, Inc.), BMET (Unknown Company), CATP (Cambridge Technology Partners, Inc.), CEFT (Concord EFS, Inc.), CEXP (Corporate Express, Inc.), CHIR (Unknown Company), CMCSK (Comcast Corporation -Special Class A), CMGI (CMGI, Inc.), CNET (CNET, Inc.), CNTO (Centocor, Inc.), COMR (Comair Holdings, Inc.), COMS (3Com Corporation), CPWR (Unknown Company), CTXS (Citrix Systems, Inc.), DELL (Unknown Company), EFII (Electronics for Imaging, Inc.), ERICY (LM Ericsson Telephone Co ADR), ERTS (Unknown Company), FDLNB (Food Lion, Inc.), FHCC (First Health Group Corp.), GENZ (Unknown Company), IACI (Unknown Company), IMNX (Immunex Corporation), JDSU (Unknown Company), LCOS (Lycos, Inc.), LLTC (Unknown Company), LNCR (Lincare Holdings, Inc.), LVLT (Level 3 Communications, Inc.), MCLD (McLeodUSA Incorporated), MLHR (Herman Miller, Inc.), MUEI (Micron Electronics, Inc.), MXIM (Maxim Integrated Products, Inc.), NETA (Network Associates, Inc.), NOVL (Novell, Inc.), NTLI (NTL Incorporated), NWAC (Northwest Airlines Corporation), NXTL (Unknown Company), PHSY (PacifiCare Health Systems, Inc), PMTC (Parametric Technology Corporation), PSFT (PeopleSoft, Inc.), QNTM (Quantum Corporation), QTRN (Quintiles Transnational Corp.), QWST (Qwest Communications International, Inc.), RTRSY (Reuters Holdings Plc ADR), RXSD (Rexall Sundown, Inc.), SEBL (Siebel Systems, Inc.), SIAL (Sigma-Aldrich Corporation), SNDK (Unknown Company), SPLS (Unknown Company), SPOT (PanAmSat Corporation), SUNW (Unknown Company), TECD (Tech Data Corporation), VISX (VISX, Incorporated), VRTS (VERITAS Software Corporation), VTSS (Vitesse Semiconductor Corporation), WCOEQ (WorldCom, Inc.), WTHG (Worthington Industries, Inc.), XLNX (Unknown Company), YHOO (Yahoo! Inc.)"
1999Q3,68,"ADCT (ADC Telecommunications, Inc.), ADPT (Adaptec, Inc.), ALTR (Altera Corporation), ANDW (Andrew Corporation), APCC (American Power Conversion Corporation), APOL (Apollo Group, Inc. ClA), ATHMQ (At Home Corporation), ATML (Atmel Corporation), BBBY (Bed Bath & Beyond Inc.), BMCS (BMC Software, Inc.), BMET (Unknown Company), CATP (Cambridge Technology Partners, Inc.), CEFT (Concord EFS, Inc.), CEXP (Corporate Express, Inc.), CHIR (Unknown Company), CMCSK (Comcast Corporation -Special Class A), CMGI (CMGI, Inc.), CNET (CNET, Inc.), CNTO (Centocor, Inc.), CNXT (Conexant Systems, Inc.), COMR (Comair Holdings, Inc.), COMS (3Com Corporation), CPWR (Unknown Company), CTXS (Citrix Systems, Inc.), DELL (Unknown Company), EFII (Electronics for Imaging, Inc.), ERICY (LM Ericsson Telephone Co ADR), ERTS (Unknown Company), FHCC (First Health Group Corp.), GBLX (Global Crossing Ltd), GENZ (Unknown Company), IACI (Unknown Company), IMNX (Immunex Corporation), JDSU (Unknown Company), LCOS (Lycos, Inc.), LLTC (Unknown Company), LNCR (Lincare Holdings, Inc.), LVLT (Level 3 Communications, Inc.), MCLD (McLeodUSA Incorporated), MLHR (Herman Miller, Inc.), MUEI (Micron Electronics, Inc.), MXIM (Maxim Integrated Products, Inc.), NETA (Network Associates, Inc.), NOVL (Novell, Inc.), NTLI (NTL Incorporated), NWAC (Northwest Airlines Corporation), NXTL (Unknown Company), PHSY (PacifiCare Health Systems, Inc), PMTC (Parametric Technology Corporation), PSFT (PeopleSoft, Inc.), QTRN (Quintiles Transnational Corp.), QWST (Qwest Communications International, Inc.), RTRSY (Reuters Holdings Plc ADR), RXSD (Rexall Sundown, Inc.), SEBL (Siebel Systems, Inc.), SIAL (Sigma-Aldrich Corporation), SNDK (Unknown Company), SPLS (Unknown Company), SPOT (PanAmSat Corporation), SUNW (Unknown Company), TECD (Tech Data Corporation), VISX (VISX, Incorporated), VRTS (VERITAS Software Corporation), VTSS (Vitesse Semiconductor Corporation), WCOEQ (WorldCom, Inc.), WTHG (Worthington Industries, Inc.), XLNX (Unknown Company), YHOO (Yahoo! Inc.)"
1999Q4,70,"ADCT (ADC Telecommunications, Inc.), ADLAE (Adelphia Communications Corporation), ADPT (Adaptec, Inc.), ALTR (Altera Corporation), AMCC (Applied Micro Circuits Corporation), APCC (American Power Conversion Corporation), APOL (Apollo Group, Inc. ClA), ATHMQ (At Home Corporation), ATML (Atmel Corporation), BBBY (Bed Bath & Beyond Inc.), BMCS (BMC Software, Inc.), BMET (Unknown Company), BVSN (BroadVision, Inc.), CEFT (Concord EFS, Inc.), CHIR (Unknown Company), CMCSK (Comcast Corporation -Special Class A), CMGI (CMGI, Inc.), CNET (CNET, Inc.), CNXT (Conexant Systems, Inc.), COMS (3Com Corporation), CPWR (Unknown Company), CTXS (Citrix Systems, Inc.), DELL (Unknown Company), DISH (EchoStar Communications Corporation), ERICY (LM Ericsson Telephone Co ADR), ERTS (Unknown Company), GBLX (Global Crossing Ltd), GENZ (Unknown Company), GMSTE (Gemstar-TV Guide International Inc.), IACI (Unknown Company), IMNX (Immunex Corporation), ITWO (i2 Technologies, Inc.), JDSU (Unknown Company), LCOS (Lycos, Inc.), LGTO (Legato Systems, Inc.), LLTC (Unknown Company), LVLT (Level 3 Communications, Inc.), MCLD (McLeodUSA Incorporated), MEDI (MedImmune, Inc.), MFNX (Metromedia Fiber Network, Inc.), MLHR (Herman Miller, Inc.), MXIM (Maxim Integrated Products, Inc.), NETA (Network Associates, Inc.), NOVL (Novell, Inc.), NSOL (Network Solutions, Inc.), NTLI (NTL Incorporated), NWAC (Northwest Airlines Corporation), NXTL (Unknown Company), PHSY (PacifiCare Health Systems, Inc), PMCS (PMC - Sierra, Inc.), PMTC (Parametric Technology Corporation), PSFT (PeopleSoft, Inc.), QLGC (QLogic Corporation), QTRN (Quintiles Transnational Corp.), RFMD (RF Micro Devices, Inc.), RNWK (RealNetworks, Inc.), SDLI (SDL, Inc.), SEBL (Siebel Systems, Inc.), SIAL (Sigma-Aldrich Corporation), SNDK (Unknown Company), SPLS (Unknown Company), SPOT (PanAmSat Corporation), SUNW (Unknown Company), VISX (VISX, Incorporated), VRTS (VERITAS Software Corporation), VSTR (VoiceStream Wireless Corp.), VTSS (Vitesse Semiconductor Corporation), WCOEQ (WorldCom, Inc.), XLNX (Unknown Company), YHOO (Yahoo! Inc.)"
2000Q1,70,"ADCT (ADC Telecommunications, Inc.), ADLAE (Adelphia Communications Corporation), ADPT (Adaptec, Inc.), ALTR (Altera Corporation), AMCC (Applied Micro Circuits Corporation), APCC (American Power Conversion Corporation), APOL (Apollo Group, Inc. ClA), ATHMQ (At Home Corporation), ATML (Atmel Corporation), BBBY (Bed Bath & Beyond Inc.), BMCS (BMC Software, Inc.), BMET (Unknown Company), BVSN (BroadVision, Inc.), CEFT (Concord EFS, Inc.), CHIR (Unknown Company), CMCSK (Comcast Corporation -Special Class A), CMGI (CMGI, Inc.), CNET (CNET, Inc.), CNXT (Conexant Systems, Inc.), COMS (3Com Corporation), CPWR (Unknown Company), CTXS (Citrix Systems, Inc.), DELL (Unknown Company), DISH (EchoStar Communications Corporation), ERICY (LM Ericsson Telephone Co ADR), ERTS (Unknown Company), GBLX (Global Crossing Ltd), GENZ (Unknown Company), GMSTE (Gemstar-TV Guide International Inc.), IACI (Unknown Company), IMNX (Immunex Corporation), ITWO (i2 Technologies, Inc.), JDSU (Unknown Company), LCOS (Lycos, Inc.), LGTO (Legato Systems, Inc.), LLTC (Unknown Company), LVLT (Level 3 Communications, Inc.), MCLD (McLeodUSA Incorporated), MEDI (MedImmune, Inc.), MFNX (Metromedia Fiber Network, Inc.), MLHR (Herman Miller, Inc.), MXIM (Maxim Integrated Products, Inc.), NETA (Network Associates, Inc.), NOVL (Novell, Inc.), NSOL (Network Solutions, Inc.), NTLI (NTL Incorporated), NWAC (Northwest Airlines Corporation), NXTL (Unknown Company), PHSY (PacifiCare Health Systems, Inc), PMCS (PMC - Sierra, Inc.), PMTC (Parametric Technology Corporation), PSFT (PeopleSoft, Inc.), QLGC (QLogic Corporation), QTRN (Quintiles Transnational Corp.), RFMD (RF Micro Devices, Inc.), RNWK (RealNetworks, Inc.), SDLI (SDL, Inc.), SEBL (Siebel Systems, Inc.), SIAL (Sigma-Aldrich Corporation), SNDK (Unknown Company), SPLS (Unknown Company), SPOT (PanAmSat Corporation), SUNW (Unknown Company), VISX (VISX, Incorporated), VRTS (VERITAS Software Corporation), VSTR (VoiceStream Wireless Corp.), VTSS (Vitesse Semiconductor Corporation), WCOEQ (WorldCom, Inc.), XLNX (Unknown Company), YHOO (Yahoo! Inc.)"
2000Q2,69,"ADCT (ADC Telecommunications, Inc.), ADLAE (Adelphia Communications Corporation), ADPT (Adaptec, Inc.), ALTR (Altera Corporation), AMCC (Applied Micro Circuits Corporation), APCC (American Power Conversion Corporation), APOL (Apollo Group, Inc. ClA), ATHMQ (At Home Corporation), ATML (Atmel Corporation), BBBY (Bed Bath & Beyond Inc.), BMCS (BMC Software, Inc.), BMET (Unknown Company), BVSN (BroadVision, Inc.), CEFT (Concord EFS, Inc.), CHIR (Unknown Company), CMCSK (Comcast Corporation -Special Class A), CMGI (CMGI, Inc.), CNET (CNET, Inc.), CNXT (Conexant Systems, Inc.), COMS (3Com Corporation), CPWR (Unknown Company), CTXS (Citrix Systems, Inc.), DELL (Unknown Company), DISH (EchoStar Communications Corporation), ERICY (LM Ericsson Telephone Co ADR), ERTS (Unknown Company), GBLX (Global Crossing Ltd), GENZ (Unknown Company), GMSTE (Gemstar-TV Guide International Inc.), IACI (Unknown Company), IMNX (Immunex Corporation), ITWO (i2 Technologies, Inc.), JDSU (Unknown Company), LCOS (Lycos, Inc.), LGTO (Legato Systems, Inc.), LLTC (Unknown Company), LVLT (Level 3 Communications, Inc.), MCLD (McLeodUSA Incorporated), MEDI (MedImmune, Inc.), MFNX (Metromedia Fiber Network, Inc.), MLHR (Herman Miller, Inc.), MXIM (Maxim Integrated Products, Inc.), NETA (Network Associates, Inc.), NOVL (Novell, Inc.), NTLI (NTL Incorporated), NWAC (Northwest Airlines Corporation), NXTL (Unknown Company), PHSY (PacifiCare Health Systems, Inc), PMCS (PMC - Sierra, Inc.), PMTC (Parametric Technology Corporation), PSFT (PeopleSoft, Inc.), QLGC (QLogic Corporation), QTRN (Quintiles Transnational Corp.), RFMD (RF Micro Devices, Inc.), RNWK (RealNetworks, Inc.), SDLI (SDL, Inc.), SEBL (Siebel Systems, Inc.), SIAL (Sigma-Aldrich Corporation), SNDK (Unknown Company), SPLS (Unknown Company), SPOT (PanAmSat Corporation), SUNW (Unknown Company), VISX (VISX, Incorporated), VRTS (VERITAS Software Corporation), VSTR (VoiceStream Wireless Corp.), VTSS (Vitesse Semiconductor Corporation), WCOEQ (WorldCom, Inc.), XLNX (Unknown Company), YHOO (Yahoo! Inc.)"
2000Q3,69,"ADCT (ADC Telecommunications, Inc.), ADLAE (Adelphia Communications Corporation), ADPT (Adaptec, Inc.), ALTR (Altera Corporation), AMCC (Applied Micro Circuits Corporation), APCC (American Power Conversion Corporation), APOL (Apollo Group, Inc. ClA), ATHMQ (At Home Corporation), ATML (Atmel Corporation), BBBY (Bed Bath & Beyond Inc.), BMCS (BMC Software, Inc.), BMET (Unknown Company), BVSN (BroadVision, Inc.), CEFT (Concord EFS, Inc.), CHIR (Unknown Company), CMCSK (Comcast Corporation -Special Class A), CMGI (CMGI, Inc.), CNET (CNET, Inc.), CNXT (Conexant Systems, Inc.), COMS (3Com Corporation), CPWR (Unknown Company), CTXS (Citrix Systems, Inc.), DELL (Unknown Company), DISH (EchoStar Communications Corporation), ERICY (LM Ericsson Telephone Co ADR), ERTS (Unknown Company), GBLX (Global Crossing Ltd), GENZ (Unknown Company), GMSTE (Gemstar-TV Guide International Inc.), IACI (Unknown Company), IMNX (Immunex Corporation), ITWO (i2 Technologies, Inc.), JDSU (Unknown Company), JNPR (Juniper Networks, Inc.), LCOS (Lycos, Inc.), LGTO (Legato Systems, Inc.), LLTC (Unknown Company), LVLT (Level 3 Communications, Inc.), MCLD (McLeodUSA Incorporated), MEDI (MedImmune, Inc.), MFNX (Metromedia Fiber Network, Inc.), MLHR (Herman Miller, Inc.), MXIM (Maxim Integrated Products, Inc.), NETA (Network Associates, Inc.), NOVL (Novell, Inc.), NTLI (NTL Incorporated), NWAC (Northwest Airlines Corporation), NXTL (Unknown Company), PHSY (PacifiCare Health Systems, Inc), PMCS (PMC - Sierra, Inc.), PMTC (Parametric Technology Corporation), PSFT (PeopleSoft, Inc.), QLGC (QLogic Corporation), QTRN (Quintiles Transnational Corp.), RFMD (RF Micro Devices, Inc.), RNWK (RealNetworks, Inc.), SDLI (SDL, Inc.), SEBL (Siebel Systems, Inc.), SIAL (Sigma-Aldrich Corporation), SNDK (Unknown Company), SPLS (Unknown Company), SPOT (PanAmSat Corporation), SUNW (Unknown Company), VRTS (VERITAS Software Corporation), VSTR (VoiceStream Wireless Corp.), VTSS (Vitesse Semiconductor Corporation), WCOEQ (WorldCom, Inc.), XLNX (Unknown Company), YHOO (Yahoo! Inc.)"
2000Q4,67,"ABGX (Abgenix, Inc.), ADCT (ADC Telecommunications, Inc.), ADLAE (Adelphia Communications Corporation), ALTR (Altera Corporation), AMCC (Applied Micro Circuits Corporation), ARBA (Ariba, Inc.), ATHMQ (At Home Corporation), ATML (Atmel Corporation), BBBY (Bed Bath & Beyond Inc.), BEAS (BEA Systems, Inc.), BMCS (BMC Software, Inc.), BMET (Unknown Company), BRCM (Broadcom Corporation - Class A), BVSN (BroadVision, Inc.), CEFT (Concord EFS, Inc.), CHIR (Unknown Company), CMCSK (Comcast Corporation -Special Class A), CMGI (CMGI, Inc.), CNET (CNET, Inc.), CNXT (Conexant Systems, Inc.), COMS (3Com Corporation), CPWR (Unknown Company), CTXS (Citrix Systems, Inc.), DELL (Unknown Company), DISH (EchoStar Communications Corporation), ERICY (LM Ericsson Telephone Co ADR), ERTS (Unknown Company), EXDSQ (Exodus Communications, Inc.), GENZ (Unknown Company), GMSTE (Gemstar-TV Guide International Inc.), HGSI (Human Genome Sciences, Inc.), IACI (Unknown Company), IMNX (Immunex Corporation), INKT (Inktomi Corporation), ITWO (i2 Technologies, Inc.), JDSU (Unknown Company), JNPR (Juniper Networks, Inc.), LLTC (Unknown Company), LVLT (Level 3 Communications, Inc.), MCLD (McLeodUSA Incorporated), MEDI (MedImmune, Inc.), MERQ (Mercury Interactive Corporation), MFNX (Metromedia Fiber Network, Inc.), MLNM (Millennium Pharmaceuticals, Inc.), MXIM (Maxim Integrated Products, Inc.), NOVL (Novell, Inc.), NXTL (Unknown Company), PALM (Palm, Inc.), PMCS (PMC - Sierra, Inc.), PMTC (Parametric Technology Corporation), PSFT (PeopleSoft, Inc.), QLGC (QLogic Corporation), RATL (Rational Software Corporation), RFMD (RF Micro Devices, Inc.), RNWK (RealNetworks, Inc.), SDLI (SDL, Inc.), SEBL (Siebel Systems, Inc.), SNDK (Unknown Company), SPLS (Unknown Company), SPOT (PanAmSat Corporation), SUNW (Unknown Company), VRTS (VERITAS Software Corporation), VSTR (VoiceStream Wireless Corp.), VTSS (Vitesse Semiconductor Corporation), WCOEQ (WorldCom, Inc.), XLNX (Unknown Company), YHOO (Yahoo! Inc.)"
2001Q1,67,"ABGX (Abgenix, Inc.), ADCT (ADC Telecommunications, Inc.), ADLAE (Adelphia Communications Corporation), ALTR (Altera Corporation), AMCC (Applied Micro Circuits Corporation), ARBA (Ariba, Inc.), ATHMQ (At Home Corporation), ATML (Atmel Corporation), BBBY (Bed Bath & Beyond Inc.), BEAS (BEA Systems, Inc.), BMET (Unknown Company), BRCD (Brocade Communication Systems, Inc.), BRCM (Broadcom Corporation - Class A), BVSN (BroadVision, Inc.), CEFT (Concord EFS, Inc.), CHIR (Unknown Company), CMCSK (Comcast Corporation -Special Class A), CMGI (CMGI, Inc.), CNET (CNET, Inc.), CNXT (Conexant Systems, Inc.), COMS (3Com Corporation), CPWR (Unknown Company), CTXS (Citrix Systems, Inc.), DELL (Unknown Company), DISH (EchoStar Communications Corporation), ERICY (LM Ericsson Telephone Co ADR), ERTS (Unknown Company), EXDSQ (Exodus Communications, Inc.), GENZ (Unknown Company), GMSTE (Gemstar-TV Guide International Inc.), HGSI (Human Genome Sciences, Inc.), IACI (Unknown Company), IMNX (Immunex Corporation), INKT (Inktomi Corporation), ITWO (i2 Technologies, Inc.), JDSU (Unknown Company), JNPR (Juniper Networks, Inc.), LLTC (Unknown Company), LVLT (Level 3 Communications, Inc.), MCLD (McLeodUSA Incorporated), MEDI (MedImmune, Inc.), MERQ (Mercury Interactive Corporation), MFNX (Metromedia Fiber Network, Inc.), MLNM (Millennium Pharmaceuticals, Inc.), MXIM (Maxim Integrated Products, Inc.), NOVL (Novell, Inc.), NVLS (Novellus Systems, Inc.), NXTL (Unknown Company), PALM (Palm, Inc.), PMCS (PMC - Sierra, Inc.), PMTC (Parametric Technology Corporation), PSFT (PeopleSoft, Inc.), QLGC (QLogic Corporation), RATL (Rational Software Corporation), RFMD (RF Micro Devices, Inc.), RNWK (RealNetworks, Inc.), SEBL (Siebel Systems, Inc.), SNDK (Unknown Company), SPLS (Unknown Company), SPOT (PanAmSat Corporation), SUNW (Unknown Company), VRTS (VERITAS Software Corporation), VSTR (VoiceStream Wireless Corp.), VTSS (Vitesse Semiconductor Corporation), WCOEQ (WorldCom, Inc.), XLNX (Unknown Company), YHOO (Yahoo! Inc.)"
2001Q2,66,"ABGX (Abgenix, Inc.), ADCT (ADC Telecommunications, Inc.), ADLAE (Adelphia Communications Corporation), ALTR (Altera Corporation), AMCC (Applied Micro Circuits Corporation), ARBA (Ariba, Inc.), ATHMQ (At Home Corporation), ATML (Atmel Corporation), BBBY (Bed Bath & Beyond Inc.), BEAS (BEA Systems, Inc.), BMET (Unknown Company), BRCD (Brocade Communication Systems, Inc.), BRCM (Broadcom Corporation - Class A), BVSN (BroadVision, Inc.), CEFT (Concord EFS, Inc.), CHIR (Unknown Company), CMCSK (Comcast Corporation -Special Class A), CMGI (CMGI, Inc.), CNET (CNET, Inc.), CNXT (Conexant Systems, Inc.), COMS (3Com Corporation), CPWR (Unknown Company), CTXS (Citrix Systems, Inc.), DELL (Unknown Company), DISH (EchoStar Communications Corporation), ERICY (LM Ericsson Telephone Co ADR), ERTS (Unknown Company), EXDSQ (Exodus Communications, Inc.), GENZ (Unknown Company), GMSTE (Gemstar-TV Guide International Inc.), HGSI (Human Genome Sciences, Inc.), IACI (Unknown Company), IMNX (Immunex Corporation), INKT (Inktomi Corporation), ITWO (i2 Technologies, Inc.), JDSU (Unknown Company), JNPR (Juniper Networks, Inc.), LLTC (Unknown Company), LVLT (Level 3 Communications, Inc.), MCLD (McLeodUSA Incorporated), MEDI (MedImmune, Inc.), MERQ (Mercury Interactive Corporation), MFNX (Metromedia Fiber Network, Inc.), MLNM (Millennium Pharmaceuticals, Inc.), MXIM (Maxim Integrated Products, Inc.), NOVL (Novell, Inc.), NVLS (Novellus Systems, Inc.), NXTL (Unknown Company), PALM (Palm, Inc.), PMCS (PMC - Sierra, Inc.), PMTC (Parametric Technology Corporation), PSFT (PeopleSoft, Inc.), QLGC (QLogic Corporation), RATL (Rational Software Corporation), RFMD (RF Micro Devices, Inc.), RNWK (RealNetworks, Inc.), SEBL (Siebel Systems, Inc.), SNDK (Unknown Company), SPLS (Unknown Company), SPOT (PanAmSat Corporation), SUNW (Unknown Company), VRTS (VERITAS Software Corporation), VTSS (Vitesse Semiconductor Corporation), WCOEQ (WorldCom, Inc.), XLNX (Unknown Company), YHOO (Yahoo! Inc.)"
2001Q3,66,"ABGX (Abgenix, Inc.), ADCT (ADC Telecommunications, Inc.), ADLAE (Adelphia Communications Corporation), ALTR (Altera Corporation), AMCC (Applied Micro Circuits Corporation), ARBA (Ariba, Inc.), ATHMQ (At Home Corporation), ATML (Atmel Corporation), BBBY (Bed Bath & Beyond Inc.), BEAS (BEA Systems, Inc.), BMET (Unknown Company), BRCD (Brocade Communication Systems, Inc.), BRCM (Broadcom Corporation - Class A), BVSN (BroadVision, Inc.), CEFT (Concord EFS, Inc.), CHIR (Unknown Company), CMCSK (Comcast Corporation -Special Class A), CMGI (CMGI, Inc.), CNET (CNET, Inc.), CNXT (Conexant Systems, Inc.), COMS (3Com Corporation), CPWR (Unknown Company), CTXS (Citrix Systems, Inc.), DELL (Unknown Company), DISH (EchoStar Communications Corporation), ERICY (LM Ericsson Telephone Co ADR), ERTS (Unknown Company), EXDSQ (Exodus Communications, Inc.), GENZ (Unknown Company), GMSTE (Gemstar-TV Guide International Inc.), HGSI (Human Genome Sciences, Inc.), IACI (Unknown Company), IMNX (Immunex Corporation), INKT (Inktomi Corporation), ITWO (i2 Technologies, Inc.), JDSU (Unknown Company), JNPR (Juniper Networks, Inc.), LLTC (Unknown Company), LVLT (Level 3 Communications, Inc.), MCLD (McLeodUSA Incorporated), MEDI (MedImmune, Inc.), MERQ (Mercury Interactive Corporation), MFNX (Metromedia Fiber Network, Inc.), MLNM (Millennium Pharmaceuticals, Inc.), MXIM (Maxim Integrated Products, Inc.), NOVL (Novell, Inc.), NVLS (Novellus Systems, Inc.), NXTL (Unknown Company), PALM (Palm, Inc.), PMCS (PMC - Sierra, Inc.), PMTC (Parametric Technology Corporation), PSFT (PeopleSoft, Inc.), QLGC (QLogic Corporation), RATL (Rational Software Corporation), RFMD (RF Micro Devices, Inc.), RNWK (RealNetworks, Inc.), SEBL (Siebel Systems, Inc.), SNDK (Unknown Company), SPLS (Unknown Company), SPOT (PanAmSat Corporation), SUNW (Unknown Company), VRTS (VERITAS Software Corporation), VTSS (Vitesse Semiconductor Corporation), WCOEQ (WorldCom, Inc.), XLNX (Unknown Company), YHOO (Yahoo! Inc.)"
2001Q4,65,"ABGX (Abgenix, Inc.), ADCT (ADC Telecommunications, Inc.), ADLAE (Adelphia Communications Corporation), ADRX (Andrx Group), ALTR (Altera Corporation), AMCC (Applied Micro Circuits Corporation), APOL (Apollo Group, Inc. ClA), ATML (Atmel Corporation), BBBY (Bed Bath & Beyond Inc.), BEAS (BEA Systems, Inc.), BMET (Unknown Company), BRCD (Brocade Communication Systems, Inc.), BRCM (Broadcom Corporation - Class A), CDWC (CDW Computer Centers, Inc.), CEFT (Concord EFS, Inc.), CEPH (Cephalon, Inc.), CHIR (Unknown Company), CHTR (Charter Communications, Inc.), CMCSK (Comcast Corporation -Special Class A), CNXT (Conexant Systems, Inc.), CPWR (Unknown Company), CTXS (Citrix Systems, Inc.), CYTC (CYTYC Corporation), DELL (Unknown Company), DISH (EchoStar Communications Corporation), ERICY (LM Ericsson Telephone Co ADR), ERTS (Unknown Company), ESRX (Express Scripts, Inc.), GENZ (Unknown Company), GMSTE (Gemstar-TV Guide International Inc.), HGSI (Human Genome Sciences, Inc.), IACI (Unknown Company), ICOS (ICOS Corporation), IDTI (Integrated Device Technology, Inc.), IMCL (ImClone Systems Incorporated), IMNX (Immunex Corporation), ITWO (i2 Technologies, Inc.), IVGN (Invitrogen Corporation), JDSU (Unknown Company), JNPR (Juniper Networks, Inc.), LLTC (Unknown Company), MEDI (MedImmune, Inc.), MERQ (Mercury Interactive Corporation), MLNM (Millennium Pharmaceuticals, Inc.), MXIM (Maxim Integrated Products, Inc.), NVLS (Novellus Systems, Inc.), NXTL (Unknown Company), PDLI (Protein Design Labs, Inc.), PMCS (PMC - Sierra, Inc.), PSFT (PeopleSoft, Inc.), QLGC (QLogic Corporation), RATL (Rational Software Corporation), RFMD (RF Micro Devices, Inc.), SEBL (Siebel Systems, Inc.), SEPR (Sepracor Inc.), SNDK (Unknown Company), SPLS (Unknown Company), SPOT (PanAmSat Corporation), SUNW (Unknown Company), SYMC (Symantec Corporation), VRTS (VERITAS Software Corporation), VTSS (Vitesse Semiconductor Corporation), WCOEQ (WorldCom, Inc.), XLNX (Unknown Company), YHOO (Yahoo! Inc.)"
2002Q1,65,"ABGX (Abgenix, Inc.), ADCT (ADC Telecommunications, Inc.), ADLAE (Adelphia Communications Corporation), ADRX (Andrx Group), ALTR (Altera Corporation), AMCC (Applied Micro Circuits Corporation), APOL (Apollo Group, Inc. ClA), ATML (Atmel Corporation), BBBY (Bed Bath & Beyond Inc.), BEAS (BEA Systems, Inc.), BMET (Unknown Company), BRCD (Brocade Communication Systems, Inc.), BRCM (Broadcom Corporation - Class A), CDWC (CDW Computer Centers, Inc.), CEFT (Concord EFS, Inc.), CEPH (Cephalon, Inc.), CHIR (Unknown Company), CHTR (Charter Communications, Inc.), CMCSK (Comcast Corporation -Special Class A), CNXT (Conexant Systems, Inc.), CPWR (Unknown Company), CTXS (Citrix Systems, Inc.), CYTC (CYTYC Corporation), DELL (Unknown Company), DISH (EchoStar Communications Corporation), ERICY (LM Ericsson Telephone Co ADR), ERTS (Unknown Company), ESRX (Express Scripts, Inc.), GENZ (Unknown Company), GMSTE (Gemstar-TV Guide International Inc.), HGSI (Human Genome Sciences, Inc.), IACI (Unknown Company), ICOS (ICOS Corporation), IDTI (Integrated Device Technology, Inc.), IMCL (ImClone Systems Incorporated), IMNX (Immunex Corporation), ITWO (i2 Technologies, Inc.), IVGN (Invitrogen Corporation), JDSU (Unknown Company), JNPR (Juniper Networks, Inc.), LLTC (Unknown Company), MEDI (MedImmune, Inc.), MERQ (Mercury Interactive Corporation), MLNM (Millennium Pharmaceuticals, Inc.), MXIM (Maxim Integrated Products, Inc.), NVLS (Novellus Systems, Inc.), NXTL (Unknown Company), PDLI (Protein Design Labs, Inc.), PMCS (PMC - Sierra, Inc.), PSFT (PeopleSoft, Inc.), QLGC (QLogic Corporation), RATL (Rational Software Corporation), RFMD (RF Micro Devices, Inc.), SEBL (Siebel Systems, Inc.), SEPR (Sepracor Inc.), SNDK (Unknown Company), SPLS (Unknown Company), SPOT (PanAmSat Corporation), SUNW (Unknown Company), SYMC (Symantec Corporation), VRTS (VERITAS Software Corporation), VTSS (Vitesse Semiconductor Corporation), WCOEQ (WorldCom, Inc.), XLNX (Unknown Company), YHOO (Yahoo! Inc.)"
2002Q2,64,"ABGX (Abgenix, Inc.), ADCT (ADC Telecommunications, Inc.), ADRX (Andrx Group), ALTR (Altera Corporation), AMCC (Applied Micro Circuits Corporation), APOL (Apollo Group, Inc. ClA), ATML (Atmel Corporation), BBBY (Bed Bath & Beyond Inc.), BEAS (BEA Systems, Inc.), BMET (Unknown Company), BRCD (Brocade Communication Systems, Inc.), BRCM (Broadcom Corporation - Class A), CDWC (CDW Computer Centers, Inc.), CEFT (Concord EFS, Inc.), CEPH (Cephalon, Inc.), CHIR (Unknown Company), CHTR (Charter Communications, Inc.), CMCSK (Comcast Corporation -Special Class A), CNXT (Conexant Systems, Inc.), CPWR (Unknown Company), CTXS (Citrix Systems, Inc.), CYTC (CYTYC Corporation), DELL (Unknown Company), DISH (EchoStar Communications Corporation), ERICY (LM Ericsson Telephone Co ADR), ERTS (Unknown Company), ESRX (Express Scripts, Inc.), GENZ (Unknown Company), GMSTE (Gemstar-TV Guide International Inc.), HGSI (Human Genome Sciences, Inc.), IACI (Unknown Company), ICOS (ICOS Corporation), IDTI (Integrated Device Technology, Inc.), IMCL (ImClone Systems Incorporated), IMNX (Immunex Corporation), ITWO (i2 Technologies, Inc.), IVGN (Invitrogen Corporation), JDSU (Unknown Company), JNPR (Juniper Networks, Inc.), LLTC (Unknown Company), MEDI (MedImmune, Inc.), MERQ (Mercury Interactive Corporation), MLNM (Millennium Pharmaceuticals, Inc.), MXIM (Maxim Integrated Products, Inc.), NVLS (Novellus Systems, Inc.), NXTL (Unknown Company), PDLI (Protein Design Labs, Inc.), PMCS (PMC - Sierra, Inc.), PSFT (PeopleSoft, Inc.), QLGC (QLogic Corporation), RATL (Rational Software Corporation), RFMD (RF Micro Devices, Inc.), SEBL (Siebel Systems, Inc.), SEPR (Sepracor Inc.), SNDK (Unknown Company), SPLS (Unknown Company), SPOT (PanAmSat Corporation), SUNW (Unknown Company), SYMC (Symantec Corporation), VRTS (VERITAS Software Corporation), VTSS (Vitesse Semiconductor Corporation), WCOEQ (WorldCom, Inc.), XLNX (Unknown Company), YHOO (Yahoo! Inc.)"
2002Q3,64,"ABGX (Abgenix, Inc.), ADCT (ADC Telecommunications, Inc.), ADRX (Andrx Group), ALTR (Altera Corporation), AMCC (Applied Micro Circuits Corporation), APOL (Apollo Group, Inc. ClA), ATML (Atmel Corporation), BBBY (Bed Bath & Beyond Inc.), BEAS (BEA Systems, Inc.), BMET (Unknown Company), BRCD (Brocade Communication Systems, Inc.), BRCM (Broadcom Corporation - Class A), CDWC (CDW Computer Centers, Inc.), CEFT (Concord EFS, Inc.), CEPH (Cephalon, Inc.), CHIR (Unknown Company), CHTR (Charter Communications, Inc.), CMCSK (Comcast Corporation -Special Class A), CNXT (Conexant Systems, Inc.), CPWR (Unknown Company), CTXS (Citrix Systems, Inc.), CYTC (CYTYC Corporation), DELL (Unknown Company), DISH (EchoStar Communications Corporation), ERICY (LM Ericsson Telephone Co ADR), ERTS (Unknown Company), ESRX (Express Scripts, Inc.), GENZ (Unknown Company), GMSTE (Gemstar-TV Guide International Inc.), HGSI (Human Genome Sciences, Inc.), IACI (Unknown Company), ICOS (ICOS Corporation), IDTI (Integrated Device Technology, Inc.), IMCL (ImClone Systems Incorporated), ITWO (i2 Technologies, Inc.), IVGN (Invitrogen Corporation), JDSU (Unknown Company), JNPR (Juniper Networks, Inc.), LLTC (Unknown Company), LNCR (Lincare Holdings, Inc.), MEDI (MedImmune, Inc.), MERQ (Mercury Interactive Corporation), MLNM (Millennium Pharmaceuticals, Inc.), MXIM (Maxim Integrated Products, Inc.), NVLS (Novellus Systems, Inc.), NXTL (Unknown Company), PDLI (Protein Design Labs, Inc.), PMCS (PMC - Sierra, Inc.), PSFT (PeopleSoft, Inc.), QLGC (QLogic Corporation), RATL (Rational Software Corporation), RFMD (RF Micro Devices, Inc.), SEBL (Siebel Systems, Inc.), SEPR (Sepracor Inc.), SIAL (Sigma-Aldrich Corporation), SNDK (Unknown Company), SPLS (Unknown Company), SPOT (PanAmSat Corporation), SUNW (Unknown Company), SYMC (Symantec Corporation), VRTS (VERITAS Software Corporation), VTSS (Vitesse Semiconductor Corporation), XLNX (Unknown Company), YHOO (Yahoo! Inc.)"
2002Q4,52,"ADCT (ADC Telecommunications, Inc.), ALTR (Altera Corporation), APCC (American Power Conversion Corporation), APOL (Apollo Group, Inc. ClA), BBBY (Bed Bath & Beyond Inc.), BEAS (BEA Systems, Inc.), BMET (Unknown Company), BRCD (Brocade Communication Systems, Inc.), BRCM (Broadcom Corporation - Class A), CDWC (CDW Computer Centers, Inc.), CEPH (Cephalon, Inc.), CHIR (Unknown Company), CPWR (Unknown Company), CTXS (Citrix Systems, Inc.), DELL (Unknown Company), DISH (EchoStar Communications Corporation), ERICY (LM Ericsson Telephone Co ADR), ERTS (Unknown Company), ESRX (Express Scripts, Inc.), FHCC (First Health Group Corp.), GENZ (Unknown Company), HGSI (Human Genome Sciences, Inc.), IACI (Unknown Company), ICOS (ICOS Corporation), IVGN (Invitrogen Corporation), JDSU (Unknown Company), JNPR (Juniper Networks, Inc.), LLTC (Unknown Company), LNCR (Lincare Holdings, Inc.), MEDI (MedImmune, Inc.), MERQ (Mercury Interactive Corporation), MLNM (Millennium Pharmaceuticals, Inc.), MXIM (Maxim Integrated Products, Inc.), NVLS (Novellus Systems, Inc.), NXTL (Unknown Company), PDCO (Patterson Dental Company), PETM (PETsMART, Inc.), PIXR (Pixar), PSFT (PeopleSoft, Inc.), QLGC (QLogic Corporation), RFMD (RF Micro Devices, Inc.), SEBL (Siebel Systems, Inc.), SIAL (Sigma-Aldrich Corporation), SNDK (Unknown Company), SPLS (Unknown Company), SPOT (PanAmSat Corporation), SUNW (Unknown Company), SYMC (Symantec Corporation), VRTS (VERITAS Software Corporation), WFMI (Whole Foods Market, Inc.), XLNX (Unknown Company), YHOO (Yahoo! Inc.)"
2003Q1,52,"ADCT (ADC Telecommunications, Inc.), ALTR (Altera Corporation), APCC (American Power Conversion Corporation), APOL (Apollo Group, Inc. ClA), BBBY (Bed Bath & Beyond Inc.), BEAS (BEA Systems, Inc.), BMET (Unknown Company), BRCD (Brocade Communication Systems, Inc.), BRCM (Broadcom Corporation - Class A), CDWC (CDW Computer Centers, Inc.), CEPH (Cephalon, Inc.), CHIR (Unknown Company), CPWR (Unknown Company), CTXS (Citrix Systems, Inc.), DELL (Unknown Company), DISH (EchoStar Communications Corporation), ERICY (LM Ericsson Telephone Co ADR), ERTS (Unknown Company), ESRX (Express Scripts, Inc.), FHCC (First Health Group Corp.), GENZ (Unknown Company), HGSI (Human Genome Sciences, Inc.), IACI (Unknown Company), ICOS (ICOS Corporation), IVGN (Invitrogen Corporation), JDSU (Unknown Company), JNPR (Juniper Networks, Inc.), LLTC (Unknown Company), LNCR (Lincare Holdings, Inc.), MEDI (MedImmune, Inc.), MERQ (Mercury Interactive Corporation), MLNM (Millennium Pharmaceuticals, Inc.), MXIM (Maxim Integrated Products, Inc.), NVLS (Novellus Systems, Inc.), NXTL (Unknown Company), PDCO (Patterson Dental Company), PETM (PETsMART, Inc.), PIXR (Pixar), PSFT (PeopleSoft, Inc.), QLGC (QLogic Corporation), RFMD (RF Micro Devices, Inc.), SEBL (Siebel Systems, Inc.), SIAL (Sigma-Aldrich Corporation), SNDK (Unknown Company), SPLS (Unknown Company), SPOT (PanAmSat Corporation), SUNW (Unknown Company), SYMC (Symantec Corporation), VRTS (VERITAS Software Corporation), WFMI (Whole Foods Market, Inc.), XLNX (Unknown Company), YHOO (Yahoo! Inc.)"
2003Q2,52,"ADCT (ADC Telecommunications, Inc.), ALTR (Altera Corporation), APCC (American Power Conversion Corporation), APOL (Apollo Group, Inc. ClA), BBBY (Bed Bath & Beyond Inc.), BEAS (BEA Systems, Inc.), BMET (Unknown Company), BRCD (Brocade Communication Systems, Inc.), BRCM (Broadcom Corporation - Class A), CDWC (CDW Computer Centers, Inc.), CEPH (Cephalon, Inc.), CHIR (Unknown Company), CPWR (Unknown Company), CTXS (Citrix Systems, Inc.), DELL (Unknown Company), DISH (EchoStar Communications Corporation), ERICY (LM Ericsson Telephone Co ADR), ERTS (Unknown Company), ESRX (Express Scripts, Inc.), FHCC (First Health Group Corp.), GENZ (Unknown Company), HGSI (Human Genome Sciences, Inc.), IACI (Unknown Company), ICOS (ICOS Corporation), IVGN (Invitrogen Corporation), JDSU (Unknown Company), JNPR (Juniper Networks, Inc.), LLTC (Unknown Company), LNCR (Lincare Holdings, Inc.), MEDI (MedImmune, Inc.), MERQ (Mercury Interactive Corporation), MLNM (Millennium Pharmaceuticals, Inc.), MXIM (Maxim Integrated Products, Inc.), NVLS (Novellus Systems, Inc.), NXTL (Unknown Company), PDCO (Patterson Dental Company), PETM (PETsMART, Inc.), PIXR (Pixar), PSFT (PeopleSoft, Inc.), QLGC (QLogic Corporation), RFMD (RF Micro Devices, Inc.), SEBL (Siebel Systems, Inc.), SIAL (Sigma-Aldrich Corporation), SNDK (Unknown Company), SPLS (Unknown Company), SPOT (PanAmSat Corporation), SUNW (Unknown Company), SYMC (Symantec Corporation), VRTS (VERITAS Software Corporation), WFMI (Whole Foods Market, Inc.), XLNX (Unknown Company), YHOO (Yahoo! Inc.)"
2003Q3,52,"ADCT (ADC Telecommunications, Inc.), ALTR (Altera Corporation), APCC (American Power Conversion Corporation), APOL (Apollo Group, Inc. ClA), BBBY (Bed Bath & Beyond Inc.), BEAS (BEA Systems, Inc.), BMET (Unknown Company), BRCD (Brocade Communication Systems, Inc.), BRCM (Broadcom Corporation - Class A), CDWC (CDW Computer Centers, Inc.), CEPH (Cephalon, Inc.), CHIR (Unknown Company), CPWR (Unknown Company), CTXS (Citrix Systems, Inc.), DELL (Unknown Company), DISH (EchoStar Communications Corporation), ERICY (LM Ericsson Telephone Co ADR), ERTS (Unknown Company), ESRX (Express Scripts, Inc.), FHCC (First Health Group Corp.), GENZ (Unknown Company), HGSI (Human Genome Sciences, Inc.), IACI (Unknown Company), ICOS (ICOS Corporation), IVGN (Invitrogen Corporation), JDSU (Unknown Company), JNPR (Juniper Networks, Inc.), LLTC (Unknown Company), LNCR (Lincare Holdings, Inc.), MEDI (MedImmune, Inc.), MERQ (Mercury Interactive Corporation), MLNM (Millennium Pharmaceuticals, Inc.), MXIM (Maxim Integrated Products, Inc.), NVLS (Novellus Systems, Inc.), NXTL (Unknown Company), PDCO (Patterson Dental Company), PETM (PETsMART, Inc.), PIXR (Pixar), PSFT (PeopleSoft, Inc.), QLGC (QLogic Corporation), RFMD (RF Micro Devices, Inc.), SEBL (Siebel Systems, Inc.), SIAL (Sigma-Aldrich Corporation), SNDK (Unknown Company), SPLS (Unknown Company), SPOT (PanAmSat Corporation), SUNW (Unknown Company), SYMC (Symantec Corporation), VRTS (VERITAS Software Corporation), WFMI (Whole Foods Market, Inc.), XLNX (Unknown Company), YHOO (Yahoo! Inc.)"
2003Q4,50,"ALTR (Altera Corporation), APCC (American Power Conversion Corporation), APOL (Apollo Group, Inc. ClA), ATYT (ATI Technologies Inc.), BBBY (Bed Bath & Beyond Inc.), BEAS (BEA Systems, Inc.), BMET (Unknown Company), BRCM (Broadcom Corporation - Class A), CDWC (CDW Computer Centers, Inc.), CEPH (Cephalon, Inc.), CHIR (Unknown Company), CPWR (Unknown Company), CTXS (Citrix Systems, Inc.), DELL (Unknown Company), DISH (EchoStar Communications Corporation), ERTS (Unknown Company), ESRX (Express Scripts, Inc.), FHCC (First Health Group Corp.), GENZ (Unknown Company), IACI (Unknown Company), ISIL (Intersil Corporation), IVGN (Invitrogen Corporation), JDSU (Unknown Company), JNPR (Juniper Networks, Inc.), LLTC (Unknown Company), LNCR (Lincare Holdings, Inc.), LVLT (Level 3 Communications, Inc.), MEDI (MedImmune, Inc.), MERQ (Mercury Interactive Corporation), MLNM (Millennium Pharmaceuticals, Inc.), MXIM (Maxim Integrated Products, Inc.), NVLS (Novellus Systems, Inc.), NXTL (Unknown Company), PDCO (Patterson Dental Company), PETM (PETsMART, Inc.), PIXR (Pixar), PSFT (PeopleSoft, Inc.), QLGC (QLogic Corporation), RIMM (Research in Motion Limited), SEBL (Siebel Systems, Inc.), SIAL (Sigma-Aldrich Corporation), SNDK (Unknown Company), SPLS (Unknown Company), SPOT (PanAmSat Corporation), SUNW (Unknown Company), SYMC (Symantec Corporation), VRTS (VERITAS Software Corporation), WFMI (Whole Foods Market, Inc.), XLNX (Unknown Company), YHOO (Yahoo! Inc.)"
2004Q1,50,"ALTR (Altera Corporation), APCC (American Power Conversion Corporation), APOL (Apollo Group, Inc. ClA), ATYT (ATI Technologies Inc.), BBBY (Bed Bath & Beyond Inc.), BEAS (BEA Systems, Inc.), BMET (Unknown Company), BRCM (Broadcom Corporation - Class A), CDWC (CDW Computer Centers, Inc.), CEPH (Cephalon, Inc.), CHIR (Unknown Company), CPWR (Unknown Company), CTXS (Citrix Systems, Inc.), DELL (Unknown Company), DISH (EchoStar Communications Corporation), ERTS (Unknown Company), ESRX (Express Scripts, Inc.), FHCC (First Health Group Corp.), GENZ (Unknown Company), IACI (Unknown Company), ISIL (Intersil Corporation), IVGN (Invitrogen Corporation), JDSU (Unknown Company), JNPR (Juniper Networks, Inc.), LLTC (Unknown Company), LNCR (Lincare Holdings, Inc.), LVLT (Level 3 Communications, Inc.), MEDI (MedImmune, Inc.), MERQ (Mercury Interactive Corporation), MLNM (Millennium Pharmaceuticals, Inc.), MXIM (Maxim Integrated Products, Inc.), NVLS (Novellus Systems, Inc.), NXTL (Unknown Company), PDCO (Patterson Dental Company), PETM (PETsMART, Inc.), PIXR (Pixar), PSFT (PeopleSoft, Inc.), QLGC (QLogic Corporation), RIMM (Research in Motion Limited), SEBL (Siebel Systems, Inc.), SIAL (Sigma-Aldrich Corporation), SNDK (Unknown Company), SPLS (Unknown Company), SPOT (PanAmSat Corporation), SUNW (Unknown Company), SYMC (Symantec Corporation), VRTS (VERITAS Software Corporation), WFMI (Whole Foods Market, Inc.), XLNX (Unknown Company), YHOO (Yahoo! Inc.)"
2004Q2,50,"ALTR (Altera Corporation), APCC (American Power Conversion Corporation), APOL (Apollo Group, Inc. ClA), ATYT (ATI Technologies Inc.), BBBY (Bed Bath & Beyond Inc.), BEAS (BEA Systems, Inc.), BMET (Unknown Company), BRCM (Broadcom Corporation - Class A), CDWC (CDW Computer Centers, Inc.), CEPH (Cephalon, Inc.), CHIR (Unknown Company), CPWR (Unknown Company), CTXS (Citrix Systems, Inc.), DELL (Unknown Company), DISH (EchoStar Communications Corporation), ERTS (Unknown Company), ESRX (Express Scripts, Inc.), FHCC (First Health Group Corp.), GENZ (Unknown Company), IACI (Unknown Company), ISIL (Intersil Corporation), IVGN (Invitrogen Corporation), JDSU (Unknown Company), JNPR (Juniper Networks, Inc.), LLTC (Unknown Company), LNCR (Lincare Holdings, Inc.), LVLT (Level 3 Communications, Inc.), MEDI (MedImmune, Inc.), MERQ (Mercury Interactive Corporation), MLNM (Millennium Pharmaceuticals, Inc.), MXIM (Maxim Integrated Products, Inc.), NVLS (Novellus Systems, Inc.), NXTL (Unknown Company), PDCO (Patterson Dental Company), PETM (PETsMART, Inc.), PIXR (Pixar), PSFT (PeopleSoft, Inc.), QLGC (QLogic Corporation), RIMM (Research in Motion Limited), SEBL (Siebel Systems, Inc.), SIAL (Sigma-Aldrich Corporation), SNDK (Unknown Company), SPLS (Unknown Company), SPOT (PanAmSat Corporation), SUNW (Unknown Company), SYMC (Symantec Corporation), VRTS (VERITAS Software Corporation), WFMI (Whole Foods Market, Inc.), XLNX (Unknown Company), YHOO (Yahoo! Inc.)"
2004Q3,50,"ALTR (Altera Corporation), APCC (American Power Conversion Corporation), APOL (Apollo Group, Inc. ClA), ATYT (ATI Technologies Inc.), BBBY (Bed Bath & Beyond Inc.), BEAS (BEA Systems, Inc.), BMET (Unknown Company), BRCM (Broadcom Corporation - Class A), CDWC (CDW Computer Centers, Inc.), CEPH (Cephalon, Inc.), CHIR (Unknown Company), CPWR (Unknown Company), CTXS (Citrix Systems, Inc.), DELL (Unknown Company), DISH (EchoStar Communications Corporation), ERTS (Unknown Company), ESRX (Express Scripts, Inc.), FHCC (First Health Group Corp.), GENZ (Unknown Company), IACI (Unknown Company), ISIL (Intersil Corporation), IVGN (Invitrogen Corporation), JDSU (Unknown Company), JNPR (Juniper Networks, Inc.), LLTC (Unknown Company), LNCR (Lincare Holdings, Inc.), LVLT (Level 3 Communications, Inc.), MEDI (MedImmune, Inc.), MERQ (Mercury Interactive Corporation), MLNM (Millennium Pharmaceuticals, Inc.), MXIM (Maxim Integrated Products, Inc.), NVLS (Novellus Systems, Inc.), NXTL (Unknown Company), PDCO (Patterson Dental Company), PETM (PETsMART, Inc.), PIXR (Pixar), PSFT (PeopleSoft, Inc.), QLGC (QLogic Corporation), RIMM (Research in Motion Limited), SEBL (Siebel Systems, Inc.), SIAL (Sigma-Aldrich Corporation), SNDK (Unknown Company), SPLS (Unknown Company), SPOT (PanAmSat Corporation), SUNW (Unknown Company), SYMC (Symantec Corporation), VRTS (VERITAS Software Corporation), WFMI (Whole Foods Market, Inc.), XLNX (Unknown Company), YHOO (Yahoo! Inc.)"
2004Q4,49,"ALTR (Altera Corporation), APCC (American Power Conversion Corporation), APOL (Apollo Group, Inc. ClA), ATYT (ATI Technologies Inc.), BBBY (Bed Bath & Beyond Inc.), BEAS (BEA Systems, Inc.), BMET (Unknown Company), BRCM (Broadcom Corporation - Class A), CDWC (CDW Computer Centers, Inc.), CEPH (Cephalon, Inc.), CHIR (Unknown Company), CPWR (Unknown Company), CTXS (Citrix Systems, Inc.), DELL (Unknown Company), DISH (EchoStar Communications Corporation), ERTS (Unknown Company), ESRX (Express Scripts, Inc.), FHCC (First Health Group Corp.), GENZ (Unknown Company), IACI (Unknown Company), ISIL (Intersil Corporation), IVGN (Invitrogen Corporation), JDSU (Unknown Company), JNPR (Juniper Networks, Inc.), LLTC (Unknown Company), LNCR (Lincare Holdings, Inc.), LVLT (Level 3 Communications, Inc.), MEDI (MedImmune, Inc.), MERQ (Mercury Interactive Corporation), MLNM (Millennium Pharmaceuticals, Inc.), MXIM (Maxim Integrated Products, Inc.), NVLS (Novellus Systems, Inc.), NXTL (Unknown Company), PDCO (Patterson Dental Company), PETM (PETsMART, Inc.), PIXR (Pixar), PSFT (PeopleSoft, Inc.), QLGC (QLogic Corporation), RIMM (Research in Motion Limited), SEBL (Siebel Systems, Inc.), SIAL (Sigma-Aldrich Corporation), SNDK (Unknown Company), SPLS (Unknown Company), SUNW (Unknown Company), SYMC (Symantec Corporation), VRTS (VERITAS Software Corporation), WFMI (Whole Foods Market, Inc.), XLNX (Unknown Company), YHOO (Yahoo! Inc.)"
2005Q1,49,"ALTR (Altera Corporation), APCC (American Power Conversion Corporation), APOL (Apollo Group, Inc. ClA), ATYT (ATI Technologies Inc.), BBBY (Bed Bath & Beyond Inc.), BEAS (BEA Systems, Inc.), BMET (Unknown Company), BRCM (Broadcom Corporation - Class A), CDWC (CDW Computer Centers, Inc.), CEPH (Cephalon, Inc.), CHIR (Unknown Company), CPWR (Unknown Company), CTXS (Citrix Systems, Inc.), DELL (Unknown Company), DISH (EchoStar Communications Corporation), ERTS (Unknown Company), ESRX (Express Scripts, Inc.), FHCC (First Health Group Corp.), GENZ (Unknown Company), IACI (Unknown Company), ISIL (Intersil Corporation), IVGN (Invitrogen Corporation), JDSU (Unknown Company), JNPR (Juniper Networks, Inc.), LLTC (Unknown Company), LNCR (Lincare Holdings, Inc.), LVLT (Level 3 Communications, Inc.), MEDI (MedImmune, Inc.), MERQ (Mercury Interactive Corporation), MLNM (Millennium Pharmaceuticals, Inc.), MXIM (Maxim Integrated Products, Inc.), NVLS (Novellus Systems, Inc.), NXTL (Unknown Company), PDCO (Patterson Dental Company), PETM (PETsMART, Inc.), PIXR (Pixar), PSFT (PeopleSoft, Inc.), QLGC (QLogic Corporation), RIMM (Research in Motion Limited), SEBL (Siebel Systems, Inc.), SIAL (Sigma-Aldrich Corporation), SNDK (Unknown Company), SPLS (Unknown Company), SUNW (Unknown Company), SYMC (Symantec Corporation), VRTS (VERITAS Software Corporation), WFMI (Whole Foods Market, Inc.), XLNX (Unknown Company), YHOO (Yahoo! Inc.)"
2005Q2,49,"ALTR (Altera Corporation), APCC (American Power Conversion Corporation), APOL (Apollo Group, Inc. ClA), ATYT (ATI Technologies Inc.), BBBY (Bed Bath & Beyond Inc.), BEAS (BEA Systems, Inc.), BMET (Unknown Company), BRCM (Broadcom Corporation - Class A), CDWC (CDW Computer Centers, Inc.), CEPH (Cephalon, Inc.), CHIR (Unknown Company), CPWR (Unknown Company), CTXS (Citrix Systems, Inc.), DELL (Unknown Company), DISH (EchoStar Communications Corporation), ERTS (Unknown Company), ESRX (Express Scripts, Inc.), FHCC (First Health Group Corp.), GENZ (Unknown Company), IACI (Unknown Company), ISIL (Intersil Corporation), IVGN (Invitrogen Corporation), JDSU (Unknown Company), JNPR (Juniper Networks, Inc.), LLTC (Unknown Company), LNCR (Lincare Holdings, Inc.), LVLT (Level 3 Communications, Inc.), MEDI (MedImmune, Inc.), MERQ (Mercury Interactive Corporation), MLNM (Millennium Pharmaceuticals, Inc.), MXIM (Maxim Integrated Products, Inc.), NVLS (Novellus Systems, Inc.), NXTL (Unknown Company), PDCO (Patterson Dental Company), PETM (PETsMART, Inc.), PIXR (Pixar), PSFT (PeopleSoft, Inc.), QLGC (QLogic Corporation), RIMM (Research in Motion Limited), SEBL (Siebel Systems, Inc.), SIAL (Sigma-Aldrich Corporation), SNDK (Unknown Company), SPLS (Unknown Company), SUNW (Unknown Company), SYMC (Symantec Corporation), VRTS (VERITAS Software Corporation), WFMI (Whole Foods Market, Inc.), XLNX (Unknown Company), YHOO (Yahoo! Inc.)"
2005Q3,49,"ALTR (Altera Corporation), APCC (American Power Conversion Corporation), APOL (Apollo Group, Inc. ClA), ATYT (ATI Technologies Inc.), BBBY (Bed Bath & Beyond Inc.), BEAS (BEA Systems, Inc.), BMET (Unknown Company), BRCM (Broadcom Corporation - Class A), CDWC (CDW Computer Centers, Inc.), CEPH (Cephalon, Inc.), CHIR (Unknown Company), CPWR (Unknown Company), CTXS (Citrix Systems, Inc.), DELL (Unknown Company), DISH (EchoStar Communications Corporation), ERTS (Unknown Company), ESRX (Express Scripts, Inc.), FHCC (First Health Group Corp.), GENZ (Unknown Company), IACI (Unknown Company), ISIL (Intersil Corporation), IVGN (Invitrogen Corporation), JDSU (Unknown Company), JNPR (Juniper Networks, Inc.), LLTC (Unknown Company), LNCR (Lincare Holdings, Inc.), LVLT (Level 3 Communications, Inc.), MEDI (MedImmune, Inc.), MERQ (Mercury Interactive Corporation), MLNM (Millennium Pharmaceuticals, Inc.), MXIM (Maxim Integrated Products, Inc.), NVLS (Novellus Systems, Inc.), PDCO (Patterson Dental Company), PETM (PETsMART, Inc.), PIXR (Pixar), PSFT (PeopleSoft, Inc.), QLGC (QLogic Corporation), RIMM (Research in Motion Limited), SEBL (Siebel Systems, Inc.), SEPR (Sepracor Inc.), SIAL (Sigma-Aldrich Corporation), SNDK (Unknown Company), SPLS (Unknown Company), SUNW (Unknown Company), SYMC (Symantec Corporation), VRTS (VERITAS Software Corporation), WFMI (Whole Foods Market, Inc.), XLNX (Unknown Company), YHOO (Yahoo! Inc.)"
2005Q4,49,"ALTR (Altera Corporation), APCC (American Power Conversion Corporation), APOL (Apollo Group, Inc. ClA), ATVI (Unknown Company), ATYT (ATI Technologies Inc.), BBBY (Bed Bath & Beyond Inc.), BEAS (BEA Systems, Inc.), BMET (Unknown Company), BRCM (Broadcom Corporation - Class A), CDWC (CDW Computer Centers, Inc.), CELG (Unknown Company), CHIR (Unknown Company), CKFR (Unknown Company), CTXS (Citrix Systems, Inc.), DELL (Unknown Company), DISCA (Unknown Company), DISH (EchoStar Communications Corporation), ERICY (LM Ericsson Telephone Co ADR), ERTS (Unknown Company), ESRX (Express Scripts, Inc.), GENZ (Unknown Company), IACI (Unknown Company), JDSU (Unknown Company), JNPR (Juniper Networks, Inc.), LLTC (Unknown Company), LNCR (Lincare Holdings, Inc.), MCIP (Unknown Company), MEDI (MedImmune, Inc.), MERQ (Mercury Interactive Corporation), MXIM (Maxim Integrated Products, Inc.), NIHD (Unknown Company), NTLI (NTL Incorporated), PDCO (Patterson Dental Company), PETM (PETsMART, Inc.), PIXR (Pixar), RHAT (Unknown Company), RIMM (Research in Motion Limited), SEBL (Siebel Systems, Inc.), SEPR (Sepracor Inc.), SHLD (Unknown Company), SIAL (Sigma-Aldrich Corporation), SNDK (Unknown Company), SPLS (Unknown Company), SUNW (Unknown Company), SYMC (Symantec Corporation), WFMI (Whole Foods Market, Inc.), XLNX (Unknown Company), XMSR (Unknown Company), YHOO (Yahoo! Inc.)"
2006Q1,48,"ALTR (Altera Corporation), APCC (American Power Conversion Corporation), APOL (Apollo Group, Inc. ClA), ATVI (Unknown Company), ATYT (ATI Technologies Inc.), BBBY (Bed Bath & Beyond Inc.), BEAS (BEA Systems, Inc.), BMET (Unknown Company), BRCM (Broadcom Corporation - Class A), CDWC (CDW Computer Centers, Inc.), CELG (Unknown Company), CHIR (Unknown Company), CKFR (Unknown Company), CTXS (Citrix Systems, Inc.), DELL (Unknown Company), DISCA (Unknown Company), DISH (EchoStar Communications Corporation), ERICY (LM Ericsson Telephone Co ADR), ERTS (Unknown Company), ESRX (Express Scripts, Inc.), GENZ (Unknown Company), IACI (Unknown Company), JDSU (Unknown Company), JNPR (Juniper Networks, Inc.), LLTC (Unknown Company), LNCR (Lincare Holdings, Inc.), MEDI (MedImmune, Inc.), MERQ (Mercury Interactive Corporation), MXIM (Maxim Integrated Products, Inc.), NIHD (Unknown Company), NTLI (NTL Incorporated), PDCO (Patterson Dental Company), PETM (PETsMART, Inc.), PIXR (Pixar), RHAT (Unknown Company), RIMM (Research in Motion Limited), SEBL (Siebel Systems, Inc.), SEPR (Sepracor Inc.), SHLD (Unknown Company), SIAL (Sigma-Aldrich Corporation), SNDK (Unknown Company), SPLS (Unknown Company), SUNW (Unknown Company), SYMC (Symantec Corporation), WFMI (Whole Foods Market, Inc.), XLNX (Unknown Company), XMSR (Unknown Company), YHOO (Yahoo! Inc.)"
2006Q2,48,"ALTR (Altera Corporation), APCC (American Power Conversion Corporation), APOL (Apollo Group, Inc. ClA), ATVI (Unknown Company), ATYT (ATI Technologies Inc.), BBBY (Bed Bath & Beyond Inc.), BEAS (BEA Systems, Inc.), BMET (Unknown Company), BRCM (Broadcom Corporation - Class A), CDWC (CDW Computer Centers, Inc.), CELG (Unknown Company), CHIR (Unknown Company), CKFR (Unknown Company), CTXS (Citrix Systems, Inc.), DELL (Unknown Company), DISCA (Unknown Company), DISH (EchoStar Communications Corporation), ERICY (LM Ericsson Telephone Co ADR), ERTS (Unknown Company), ESRX (Express Scripts, Inc.), GENZ (Unknown Company), IACI (Unknown Company), JDSU (Unknown Company), JNPR (Juniper Networks, Inc.), LLTC (Unknown Company), LNCR (Lincare Holdings, Inc.), MEDI (MedImmune, Inc.), MERQ (Mercury Interactive Corporation), MXIM (Maxim Integrated Products, Inc.), NIHD (Unknown Company), NTLI (NTL Incorporated), PDCO (Patterson Dental Company), PETM (PETsMART, Inc.), PIXR (Pixar), RHAT (Unknown Company), RIMM (Research in Motion Limited), SEBL (Siebel Systems, Inc.), SEPR (Sepracor Inc.), SHLD (Unknown Company), SIAL (Sigma-Aldrich Corporation), SNDK (Unknown Company), SPLS (Unknown Company), SUNW (Unknown Company), SYMC (Symantec Corporation), WFMI (Whole Foods Market, Inc.), XLNX (Unknown Company), XMSR (Unknown Company), YHOO (Yahoo! Inc.)"
2006Q3,48,"ALTR (Altera Corporation), APCC (American Power Conversion Corporation), APOL (Apollo Group, Inc. ClA), ATVI (Unknown Company), ATYT (ATI Technologies Inc.), BBBY (Bed Bath & Beyond Inc.), BEAS (BEA Systems, Inc.), BMET (Unknown Company), BRCM (Broadcom Corporation - Class A), CDWC (CDW Computer Centers, Inc.), CELG (Unknown Company), CHIR (Unknown Company), CKFR (Unknown Company), CTXS (Citrix Systems, Inc.), DELL (Unknown Company), DISCA (Unknown Company), DISH (EchoStar Communications Corporation), ERICY (LM Ericsson Telephone Co ADR), ERTS (Unknown Company), ESRX (Express Scripts, Inc.), GENZ (Unknown Company), IACI (Unknown Company), JDSU (Unknown Company), JNPR (Juniper Networks, Inc.), LLTC (Unknown Company), LNCR (Lincare Holdings, Inc.), MEDI (MedImmune, Inc.), MERQ (Mercury Interactive Corporation), MXIM (Maxim Integrated Products, Inc.), NIHD (Unknown Company), NTLI (NTL Incorporated), PDCO (Patterson Dental Company), PETM (PETsMART, Inc.), PIXR (Pixar), RHAT (Unknown Company), RIMM (Research in Motion Limited), SEBL (Siebel Systems, Inc.), SEPR (Sepracor Inc.), SHLD (Unknown Company), SIAL (Sigma-Aldrich Corporation), SNDK (Unknown Company), SPLS (Unknown Company), SUNW (Unknown Company), SYMC (Symantec Corporation), WFMI (Whole Foods Market, Inc.), XLNX (Unknown Company), XMSR (Unknown Company), YHOO (Yahoo! Inc.)"
2006Q4,44,"AEOS (Unknown Company), ALTR (Altera Corporation), APCC (American Power Conversion Corporation), APOL (Apollo Group, Inc. ClA), ATVI (Unknown Company), BBBY (Bed Bath & Beyond Inc.), BEAS (BEA Systems, Inc.), BMET (Unknown Company), BRCM (Broadcom Corporation - Class A), CDWC (CDW Computer Centers, Inc.), CELG (Unknown Company), CKFR (Unknown Company), CTXS (Citrix Systems, Inc.), DELL (Unknown Company), DISCA (Unknown Company), DISH (EchoStar Communications Corporation), ERTS (Unknown Company), ESRX (Express Scripts, Inc.), GENZ (Unknown Company), IACI (Unknown Company), JNPR (Juniper Networks, Inc.), JOYG (Unknown Company), LINTA (Unknown Company), LLTC (Unknown Company), LVLT (Level 3 Communications, Inc.), MEDI (MedImmune, Inc.), MICC (Unknown Company), MXIM (Maxim Integrated Products, Inc.), NIHD (Unknown Company), NTLI (NTL Incorporated), PDCO (Patterson Dental Company), PETM (PETsMART, Inc.), RIMM (Research in Motion Limited), SEPR (Sepracor Inc.), SHLD (Unknown Company), SIAL (Sigma-Aldrich Corporation), SNDK (Unknown Company), SPLS (Unknown Company), SUNW (Unknown Company), SYMC (Symantec Corporation), WFMI (Whole Foods Market, Inc.), XLNX (Unknown Company), XMSR (Unknown Company), YHOO (Yahoo! Inc.)"
