Quarter,Start_Date,End_Date,Nasdaq_Count,SP500_Count,Unique_Nasdaq_Count,Unique_Nasdaq_Tickers
1997Q1,1997-01-01,1997-03-31,100,488,79,"ADBE,ADCT,ADPT,ADTN,AGREA,ALTR,APCC,ASND,ATML,BBBY,BMCS,BOST,CBRL,CEFT,CEXP,CHIR,CMCSK,CNTO,CPWR,CRUS,CSCC,CTAS,EFII,ERTS,FAST,FDLNB,FHCC,FISV,FORE,FORT,GART,GATE,GEMS,GENZ,GNCI,HBOC,IDXX,IFMX,INTU,KLAC,KMAG,LLTC,MCCRK,MOLX,MUEI,MXIM,NETA,NOBE,NWAC,NXTL,OSSI,OXHP,PAGE,PAIR,PAYX,PETM,PHSY,PHYC,PMTC,PSFT,QCOM,QNTM,QTRN,RPOW,RWIN,SBUX,SNDK,SNDT,SNPS,SPLS,STRY,SUNW,SYBS,TYSNA,USRX,VKNG,WCLX,WTHG,XLNX"
1997Q2,1997-04-01,1997-06-30,100,488,78,"ADCT,ADPT,ADTN,AGREA,ALTR,APCC,ASND,ATML,BBBY,BMCS,BOST,CBRL,CEFT,CEXP,CHIR,CMCSK,CNTO,CPWR,CRUS,CSCC,CTAS,EFII,ERTS,FAST,FDLNB,FHCC,FISV,FORE,FORT,GART,GEMS,GENZ,GNCI,HBOC,IDXX,IFMX,INTU,KLAC,KMAG,LLTC,MCCRK,MCHP,MLHR,MOLX,MUEI,MXIM,NETA,NOBE,NSCP,NWAC,NXTL,OSSI,OXHP,PAGE,PAIR,PAYX,PETM,PHSY,PHYC,PMTC,PSFT,QCOM,QNTM,QTRN,ROST,RPOW,SBUX,SNDK,SNPS,SPLS,STRY,SUNW,SYBS,TYSNA,VKNG,WCLX,WTHG,XLNX"
1997Q3,1997-07-01,1997-09-30,100,488,77,"ADCT,ADPT,ADTN,AGREA,ALTR,APCC,ASND,ATML,BBBY,BMCS,BOST,CBRL,CEFT,CEXP,CHIR,CMCSK,CNTO,CPWR,CRUS,CTAS,EFII,ERTS,FAST,FDLNB,FHCC,FISV,FORE,GART,GEMS,GENZ,GNCI,HBOC,IDXX,IFMX,INTU,KMAG,LLTC,MCCRK,MCHP,MLHR,MOLX,MUEI,MXIM,NETA,NOBE,NSCP,NWAC,NXTL,OFIS,OSSI,OXHP,PAGE,PAIR,PAYX,PETM,PHSY,PHYC,PMTC,PSFT,QCOM,QNTM,QTRN,ROST,RPOW,SBUX,SNDK,SNPS,SPLS,SSCC,STEI,SUNW,SYBS,TYSNA,VKNG,WCLX,WTHG,XLNX"
1997Q4,1997-10-01,1997-12-31,100,488,76,"ADCT,ADPT,ADTN,AGREA,ALTR,APCC,ASND,ATML,BBBY,BMCS,BOST,CBRL,CEFT,CEXP,CHIR,CMCSK,CNTO,CPWR,CRUS,CTAS,EFII,ERTS,FAST,FDLNB,FHCC,FISV,FORE,GART,GEMS,GENZ,GNCI,IDXX,IFMX,INTU,KMAG,LLTC,MCCRK,MCHP,MLHR,MOLX,MUEI,MXIM,NETA,NOBE,NSCP,NWAC,NXTL,OFIS,OSSI,OXHP,PAGE,PAIR,PAYX,PETM,PHSY,PHYC,PMTC,PSFT,QCOM,QNTM,QTRN,ROST,RPOW,SBUX,SNDK,SNPS,SPLS,SPOT,SSCC,STEI,SUNW,SYBS,VKNG,WCLX,WTHG,XLNX"
1998Q1,1998-01-01,1998-03-31,100,489,76,"ADCT,ADPT,ADTN,ALTR,AMFM,APCC,APOL,ASND,ATML,AWIN,BBBY,BMCS,CATP,CBRL,CEFT,CEXP,CHIR,CMCSK,CNTO,CPWR,CTAS,CTXS,DURA,EFII,ERICY,ERTS,FAST,FDLNB,FHCC,FISV,FORE,GART,GENZ,GNCI,IMNX,JCOR,LLTC,MCCRK,MCHP,MLHR,MOLX,MUEI,MXIM,NETA,NOBE,NSCP,NWAC,NXTL,OFIS,OXHP,PAIR,PAYX,PHSY,PHYC,PMTC,PSFT,QCOM,QNTM,QTRN,ROST,RTRSY,RXSD,SBUX,SNDK,SNPS,SPLS,SPOT,SSCC,STEI,SUNW,SYBS,TECD,VKNG,WCLX,WTHG,XLNX"
1998Q2,1998-04-01,1998-06-30,100,490,74,"ADCT,ADPT,ADTN,ALTR,AMFM,APCC,APOL,ATML,AWIN,BBBY,BMCS,CATP,CBRL,CEFT,CEXP,CHIR,CMCSK,CNTO,CPWR,CTAS,CTXS,DURA,EFII,ERICY,ERTS,FAST,FDLNB,FHCC,FISV,FORE,GART,GENZ,GNCI,IMNX,JCOR,LLTC,MCCRK,MCHP,MLHR,MOLX,MUEI,MXIM,NETA,NOBE,NSCP,NWAC,OFIS,OXHP,PAIR,PAYX,PHSY,PHYC,PMTC,PSFT,QCOM,QNTM,QTRN,ROST,RTRSY,RXSD,SBUX,SNDK,SNPS,SPLS,SPOT,SSCC,STEI,SUNW,SYBS,TECD,VKNG,WCLX,WTHG,XLNX"
1998Q3,1998-07-01,1998-09-30,100,489,76,"ADCT,ADPT,ADTN,ALTR,AMFM,APCC,APOL,ATML,AWIN,BBBY,BMCS,CATP,CBRL,CEFT,CEXP,CHIR,CMCSK,CNTO,CPWR,CTAS,CTXS,DURA,EFII,ERICY,ERTS,FAST,FDLNB,FHCC,FISV,FORE,GENZ,GNCI,IACI,IMNX,JCOR,LLTC,LVLT,MCCRK,MCHP,MLHR,MOLX,MUEI,MXIM,NETA,NOBE,NSCP,NWAC,OFIS,OXHP,PAIR,PAYX,PHSY,PHYC,PMTC,PSFT,QCOM,QNTM,QTRN,QWST,ROST,RTRSY,RXSD,SBUX,SNDK,SNPS,SPLS,SPOT,SSCC,STEI,SUNW,SYBS,TECD,WCLX,WTHG,XLNX,YHOO"
1998Q4,1998-10-01,1998-12-31,100,493,73,"ADCT,ADPT,ALTR,AMFM,AMZN,APCC,APOL,ATML,BBBY,BMCS,CATP,CBRL,CEFT,CEXP,CHIR,CMCSK,CNTO,COMR,CPWR,CTAS,CTXS,DLTR,EFII,ERICY,ERTS,FAST,FDLNB,FHCC,FISV,FORE,GENZ,IACI,IMNX,INTU,JCOR,LLTC,LNCR,LVLT,MCCRK,MCHP,MCLD,MLHR,MOLX,MUEI,MXIM,NETA,NOBE,NSCP,NTLI,NWAC,PHSY,PMTC,QCOM,QNTM,QTRN,QWST,ROST,RTRSY,RXSD,SANM,SBUX,SNDK,SNPS,SPOT,SSCC,STEI,SUNW,TECD,VRTS,VTSS,WTHG,XLNX,YHOO"
1999Q1,1999-01-01,1999-03-31,100,491,74,"ADCT,ADPT,ALTR,AMFM,AMZN,APCC,APOL,ATHMQ,ATML,BBBY,BMCS,CATP,CBRL,CEFT,CEXP,CHIR,CMCSK,CMGI,CMVT,CNTO,COMR,CTAS,CTXS,DLTR,EFII,ERICY,ERTS,FAST,FDLNB,FHCC,FISV,FORE,GENZ,IACI,IMNX,INTU,JCOR,LLTC,LNCR,LVLT,MCCRK,MCHP,MCLD,MLHR,MOLX,MUEI,MXIM,NETA,NOBE,NTLI,NWAC,PHSY,PMTC,QCOM,QNTM,QTRN,QWST,ROST,RTRSY,RXSD,SANM,SBUX,SNDK,SNPS,SPOT,SSCC,STEI,SUNW,TECD,VRTS,VTSS,WTHG,XLNX,YHOO"
1999Q2,1999-04-01,1999-06-30,100,491,75,"ADCT,ADPT,ALTR,AMFM,AMZN,APCC,APOL,ATHMQ,ATML,BBBY,BMCS,CATP,CBRL,CEFT,CEXP,CHIR,CMCSK,CMGI,CMVT,CNET,CNTO,COMR,CTAS,CTXS,DLTR,EFII,ERICY,ERTS,FAST,FDLNB,FHCC,FISV,GENZ,IACI,IMNX,INTU,JDSU,LCOS,LLTC,LNCR,LVLT,MCHP,MCLD,MLHR,MOLX,MUEI,MXIM,NETA,NTLI,NWAC,PHSY,PMTC,QCOM,QNTM,QTRN,QWST,ROST,RTRSY,RXSD,SANM,SBUX,SEBL,SNDK,SNPS,SPOT,SSCC,STEI,SUNW,TECD,VISX,VRTS,VTSS,WTHG,XLNX,YHOO"
1999Q3,1999-07-01,1999-09-30,100,491,73,"ADPT,ALTR,AMZN,APCC,APOL,ATHMQ,ATML,BBBY,BMCS,CATP,CBRL,CEFT,CEXP,CHIR,CIEN,CMCSK,CMGI,CMVT,CNET,CNTO,CNXT,COMR,CTAS,CTXS,DLTR,EFII,ERICY,ERTS,FAST,FHCC,FISV,GBLX,GENZ,IACI,IMNX,INTU,JDSU,LCOS,LLTC,LNCR,LVLT,MCHP,MCLD,MLHR,MOLX,MUEI,MXIM,NETA,NTLI,NWAC,PHSY,PMTC,QTRN,QWST,ROST,RTRSY,RXSD,SANM,SBUX,SEBL,SNDK,SNPS,SPOT,SSCC,STEI,SUNW,TECD,VISX,VRTS,VTSS,WTHG,XLNX,YHOO"
1999Q4,1999-10-01,1999-12-31,100,492,68,"ADLAE,ADPT,ALTR,AMCC,AMZN,APCC,APOL,ATHMQ,ATML,BMCS,BVSN,CEFT,CHIR,CIEN,CMCSK,CMGI,CNET,CNXT,CTAS,DISH,DLTR,EBAY,ERICY,ERTS,FISV,GBLX,GENZ,GMSTE,IACI,IMNX,INTU,ITWO,JDSU,LCOS,LGTO,LLTC,LVLT,MCHP,MCLD,MEDI,MFNX,MLHR,MXIM,NETA,NSOL,NTLI,NWAC,PHSY,PMCS,PMTC,QLGC,RFMD,RNWK,SANM,SBUX,SDLI,SEBL,SNDK,SNPS,SPOT,SSCC,SUNW,VISX,VRTS,VSTR,VTSS,XOXO,YHOO"
2000Q1,2000-01-01,2000-03-31,100,492,67,"ADLAE,ADPT,ALTR,AMCC,AMZN,APCC,APOL,ATHMQ,ATML,BMCS,BVSN,CEFT,CHIR,CIEN,CMCSK,CMGI,CNET,CTAS,DISH,DLTR,EBAY,ERICY,ERTS,FISV,GBLX,GENZ,GMSTE,IACI,IMNX,INTU,ITWO,JDSU,LCOS,LGTO,LLTC,LVLT,MCHP,MCLD,MEDI,MFNX,MLHR,MXIM,NETA,NSOL,NTLI,NWAC,PHSY,PMCS,PMTC,QLGC,RFMD,RNWK,SANM,SBUX,SDLI,SEBL,SNDK,SNPS,SPOT,SSCC,SUNW,VISX,VRTS,VSTR,VTSS,XOXO,YHOO"
2000Q2,2000-04-01,2000-06-30,100,492,58,"ADLAE,ADPT,AMCC,AMZN,APOL,ATHMQ,ATML,BMCS,BVSN,CEFT,CHIR,CIEN,CMCSK,CMGI,CNET,CTAS,DISH,DLTR,EBAY,ERICY,ERTS,FISV,GBLX,GENZ,GMSTE,IACI,IMNX,INTU,ITWO,JDSU,LCOS,LGTO,LVLT,MCHP,MCLD,MFNX,MLHR,NETA,NTLI,NWAC,PHSY,PMCS,PMTC,QLGC,RFMD,RNWK,SDLI,SNDK,SNPS,SPOT,SSCC,SUNW,VISX,VRSN,VSTR,VTSS,XOXO,YHOO"
2000Q3,2000-07-01,2000-09-30,100,492,59,"ADLAE,ADPT,AMCC,AMZN,APOL,ATHMQ,ATML,BMCS,BVSN,CEFT,CHIR,CIEN,CMCSK,CMGI,CNET,COMS,CTAS,DISH,DLTR,EBAY,ERICY,ERTS,FISV,GBLX,GENZ,GMSTE,IACI,IMNX,INTU,ITWO,JDSU,JNPR,LCOS,LGTO,LVLT,MCHP,MCLD,MFNX,MLHR,NETA,NTLI,NWAC,PHSY,PMCS,PMTC,QLGC,RFMD,RNWK,SDLI,SNDK,SNPS,SPOT,SSCC,SUNW,VRSN,VSTR,VTSS,XOXO,YHOO"
2000Q4,2000-10-01,2000-12-31,100,492,54,"ABGX,ADLAE,AMCC,AMZN,ARBA,ATHMQ,ATML,BEAS,BIIB,BMCS,CEFT,CHKP,CIEN,CMCSK,CMGI,CNET,COMS,CTAS,DISH,EBAY,ERICY,ERTS,EXDSQ,FISV,FLEX,GENZ,GMSTE,HGSI,IACI,IMNX,INKT,ITWO,JDSU,JNPR,LVLT,MCHP,MCLD,MFNX,MLNM,MNST,PMCS,PMTC,RATL,RFMD,RNWK,SDLI,SNDK,SPOT,SSCC,SUNW,VRSN,VSTR,XOXO,YHOO"
2001Q1,2001-01-01,2001-03-31,100,495,51,"ABGX,ADLAE,AMZN,ARBA,ATHMQ,ATML,BEAS,BIIB,BRCD,CEFT,CHKP,CIEN,CMCSK,CMGI,CNET,COMS,DISH,EBAY,ERICY,ERTS,EXDSQ,FISV,FLEX,GENZ,GMSTE,HGSI,IACI,IMNX,INKT,ITWO,JDSU,JNPR,LVLT,MCHP,MCLD,MFNX,MLNM,MNST,PMCS,PMTC,RATL,RFMD,RNWK,SNDK,SPOT,SSCC,SUNW,VRSN,VSTR,XOXO,YHOO"
2001Q2,2001-04-01,2001-06-30,100,495,50,"ABGX,ADLAE,AMZN,ARBA,ATHMQ,ATML,BEAS,BIIB,BRCD,CEFT,CHKP,CIEN,CMCSK,CMGI,CNET,COMS,DISH,EBAY,ERICY,ERTS,EXDSQ,FLEX,GENZ,GMSTE,HGSI,IACI,IMNX,INKT,ITWO,JDSU,JNPR,LVLT,MCHP,MCLD,MFNX,MLNM,MNST,NVDA,PMCS,PMTC,RATL,RFMD,RNWK,SNDK,SPOT,SSCC,SUNW,VRSN,XOXO,YHOO"
2001Q3,2001-07-01,2001-09-30,100,496,48,"ABGX,ADLAE,AMZN,ARBA,ATHMQ,ATML,BEAS,BIIB,BRCD,BVSN,CEFT,CHKP,CMCSK,CMGI,CNET,COMS,DISH,EBAY,ERICY,ERTS,EXDSQ,FLEX,GENZ,GMSTE,HGSI,IACI,INKT,ITWO,JDSU,JNPR,LVLT,MCHP,MCLD,MFNX,MLNM,MNST,NVDA,PMTC,RATL,RFMD,RNWK,SNDK,SPOT,SSCC,SUNW,VRSN,XOXO,YHOO"
2001Q4,2001-10-01,2001-12-31,100,496,48,"ABGX,ADLAE,ADRX,AMZN,APOL,ATML,BEAS,BIIB,BRCD,CDWC,CEFT,CEPH,CHKP,CHTR,CMCSK,CYTC,DISH,EBAY,ERICY,ERTS,ESRX,FLEX,GILD,GMSTE,HGSI,IACI,ICOS,IDTI,IMCL,ITWO,IVGN,JDSU,JNPR,MCHP,MLNM,MNST,PDLI,RATL,RFMD,SEPR,SNDK,SNPS,SPOT,SSCC,SUNW,SYMC,VRSN,YHOO"
2002Q1,2002-01-01,2002-03-31,100,495,47,"ABGX,ADLAE,ADRX,AMZN,APOL,ATML,BEAS,BIIB,BRCD,CDWC,CEFT,CEPH,CHKP,CHTR,CMCSK,CYTC,DISH,EBAY,ERICY,ERTS,ESRX,FLEX,GILD,GMSTE,HGSI,IACI,ICOS,IDTI,IMCL,ITWO,IVGN,JDSU,JNPR,MCHP,MLNM,MNST,PDLI,RFMD,SEPR,SNDK,SNPS,SPOT,SSCC,SUNW,SYMC,VRSN,YHOO"
2002Q2,2002-04-01,2002-06-30,100,495,48,"ABGX,ADRX,AMZN,ATML,BEAS,BIIB,BRCD,CDWC,CEFT,CEPH,CHKP,CHTR,CMCSK,CNXT,CYTC,DISH,DLTR,EBAY,ERICY,ERTS,ESRX,FLEX,GILD,GMSTE,HGSI,IACI,ICOS,IDTI,IMCL,ITWO,IVGN,JDSU,JNPR,MCHP,MLNM,MNST,PDLI,RFMD,SEPR,SNDK,SNPS,SPOT,SSCC,SUNW,SYMC,VRSN,WCOEQ,YHOO"
2002Q3,2002-07-01,2002-09-30,100,494,48,"ABGX,ADRX,AMZN,ATML,BEAS,BIIB,BRCD,CDWC,CEFT,CEPH,CHKP,CHTR,CMCSK,CNXT,CYTC,DISH,DLTR,ERICY,ERTS,ESRX,FLEX,GILD,GMSTE,HGSI,IACI,ICOS,IDTI,IMCL,ITWO,IVGN,JDSU,JNPR,LNCR,MCHP,MLNM,MNST,PDLI,RFMD,SEPR,SNDK,SNPS,SPOT,SSCC,SUNW,SYMC,VRSN,VTSS,YHOO"
2002Q4,2002-10-01,2002-12-31,100,494,49,"AMZN,BEAS,BIIB,BRCD,CDWC,CEPH,CHKP,CHRW,DISH,DLTR,ERICY,ERTS,ESRX,EXPD,FAST,FHCC,FLEX,GILD,GNTX,HGSI,HSIC,IACI,ICOS,IVGN,JDSU,JNPR,LAMR,LNCR,MCHP,MLNM,MNST,PDCO,PETM,PIXR,PTEN,RFMD,ROST,RYAAY,SNDK,SNPS,SPOT,SSCC,SUNW,SYMC,TEVA,VRSN,WFMI,XRAY,YHOO"
2003Q1,2003-01-01,2003-03-31,100,494,48,"AMZN,BEAS,BIIB,BRCD,CDWC,CEPH,CHKP,CHRW,DISH,DLTR,ERICY,ERTS,ESRX,EXPD,FAST,FHCC,FLEX,GILD,GNTX,HGSI,HSIC,IACI,ICOS,IVGN,JDSU,JNPR,LAMR,LNCR,MCHP,MLNM,MNST,PDCO,PETM,PIXR,PTEN,RFMD,ROST,RYAAY,SNDK,SNPS,SPOT,SSCC,SUNW,TEVA,VRSN,WFMI,XRAY,YHOO"
2003Q2,2003-04-01,2003-06-30,100,494,48,"AMZN,BEAS,BIIB,BRCD,CDWC,CEPH,CHKP,CHRW,DISH,DLTR,ERICY,ERTS,ESRX,EXPD,FAST,FHCC,FLEX,GILD,GNTX,HGSI,HSIC,IACI,ICOS,IVGN,JDSU,JNPR,LAMR,LNCR,MCHP,MLNM,MNST,PDCO,PETM,PIXR,PTEN,RFMD,ROST,RYAAY,SNDK,SNPS,SPOT,SSCC,SUNW,TEVA,VRSN,WFMI,XRAY,YHOO"
2003Q3,2003-07-01,2003-09-30,100,494,47,"AMZN,BEAS,BIIB,BRCD,CDWC,CEPH,CHKP,CHRW,DISH,DLTR,ERICY,ERTS,EXPD,FAST,FHCC,FLEX,GILD,GNTX,HGSI,HSIC,IACI,ICOS,IVGN,JDSU,JNPR,LAMR,LNCR,MCHP,MLNM,MNST,PDCO,PETM,PIXR,PTEN,RFMD,ROST,RYAAY,SNDK,SNPS,SPOT,SSCC,SUNW,TEVA,VRSN,WFMI,XRAY,YHOO"
2003Q4,2003-10-01,2003-12-31,100,494,48,"AMZN,ATYT,BEAS,CDWC,CECO,CEPH,CHKP,CHRW,DISH,DLTR,ERTS,EXPD,FAST,FHCC,FLEX,GILD,GNTX,GRMN,HSIC,IACI,ISIL,IVGN,JDSU,JNPR,LAMR,LNCR,LRCX,LVLT,MCHP,MLNM,MRVL,PDCO,PETM,PIXR,PTEN,RIMM,ROST,RYAAY,SNDK,SNPS,SPOT,SSCC,SUNW,TEVA,VRSN,WFMI,XRAY,YHOO"
2004Q1,2004-01-01,2004-03-31,100,494,48,"AMZN,ATYT,BEAS,CDWC,CECO,CEPH,CHKP,CHRW,DISH,DLTR,ERTS,EXPD,FAST,FHCC,FLEX,GILD,GNTX,GRMN,HSIC,IACI,ISIL,IVGN,JDSU,JNPR,LAMR,LNCR,LRCX,LVLT,MCHP,MLNM,MRVL,PDCO,PETM,PIXR,PTEN,RIMM,ROST,RYAAY,SNDK,SNPS,SPOT,SSCC,SUNW,TEVA,VRSN,WFMI,XRAY,YHOO"
2004Q2,2004-04-01,2004-06-30,100,495,48,"AMZN,ATYT,BEAS,CDWC,CECO,CEPH,CHKP,CHRW,DISH,DLTR,ERTS,EXPD,FAST,FHCC,FLEX,GILD,GNTX,GRMN,HSIC,IACI,ISIL,IVGN,JDSU,JNPR,LAMR,LNCR,LRCX,LVLT,MCHP,MLNM,MRVL,PDCO,PETM,PIXR,PTEN,RIMM,ROST,RYAAY,SNDK,SNPS,SPOT,SSCC,SUNW,TEVA,VRSN,WFMI,XRAY,YHOO"
2004Q3,2004-07-01,2004-09-30,100,495,47,"AMZN,ATYT,BEAS,CDWC,CECO,CEPH,CHKP,CHRW,DISH,DLTR,ERTS,EXPD,FAST,FHCC,FLEX,GNTX,GRMN,HSIC,IACI,ISIL,IVGN,JDSU,JNPR,LAMR,LNCR,LRCX,LVLT,MCHP,MLNM,MRVL,PDCO,PETM,PIXR,PTEN,RIMM,ROST,RYAAY,SNDK,SNPS,SPOT,SSCC,SUNW,TEVA,VRSN,WFMI,XRAY,YHOO"
2004Q4,2004-10-01,2004-12-31,99,495,47,"AMZN,ATYT,BEAS,CDWC,CECO,CEPH,CHKP,CHRW,DISH,DLTR,ERTS,EXPD,FAST,FHCC,FLEX,GNTX,GRMN,HSIC,IACI,ISIL,IVGN,JDSU,JNPR,LAMR,LNCR,LRCX,LVLT,MCHP,MLNM,MRVL,PDCO,PETM,PIXR,PSFT,PTEN,RIMM,ROST,RYAAY,SNDK,SNPS,SSCC,SUNW,TEVA,VRSN,WFMI,XRAY,YHOO"
2005Q1,2005-01-01,2005-03-31,100,496,48,"AMZN,ATYT,BEAS,CDWC,CECO,CEPH,CHKP,CHRW,CTSH,DISH,DLTR,ERTS,EXPD,FAST,FHCC,FLEX,GNTX,GRMN,HSIC,IACI,ISIL,IVGN,JDSU,JNPR,LAMR,LNCR,LRCX,LVLT,MCHP,MLNM,MRVL,PDCO,PETM,PIXR,PSFT,PTEN,RIMM,ROST,RYAAY,SNDK,SNPS,SSCC,SUNW,TEVA,VRSN,WFMI,XRAY,YHOO"
2005Q2,2005-04-01,2005-06-30,100,496,48,"AMZN,ATYT,BEAS,CDWC,CECO,CEPH,CHKP,CHRW,CTSH,DISH,DLTR,ERTS,EXPD,FAST,FHCC,FLEX,GNTX,GRMN,HSIC,IACI,ISIL,IVGN,JDSU,JNPR,LAMR,LNCR,LRCX,LVLT,MCHP,MLNM,MRVL,PDCO,PETM,PIXR,PSFT,PTEN,RIMM,ROST,RYAAY,SNDK,SNPS,SSCC,SUNW,TEVA,VRSN,WFMI,XRAY,YHOO"
2005Q3,2005-07-01,2005-09-30,100,496,50,"AMZN,ATYT,BEAS,CDWC,CECO,CEPH,CHKP,CHRW,CTSH,DISH,DLTR,ERTS,EXPD,FAST,FHCC,FLEX,GNTX,GRMN,HSIC,IACI,ISIL,IVGN,JDSU,JNPR,LAMR,LNCR,LRCX,LVLT,MCHP,MLNM,MRVL,PDCO,PETM,PIXR,PSFT,PTEN,RIMM,ROST,RYAAY,SEPR,SNDK,SNPS,SSCC,SUNW,TEVA,VRSN,VRTS,WFMI,XRAY,YHOO"
2005Q4,2005-10-01,2005-12-31,100,497,51,"ATVI,ATYT,BEAS,CDNS,CDWC,CELG,CHKP,CHRW,CKFR,CTSH,DISCA,DISH,ERICY,ERTS,EXPD,EXPE,FAST,FLEX,GOOG,GRMN,IACI,JDSU,JNPR,LAMR,LBTYA,LNCR,LRCX,MCHP,MCIP,MNST,MRVL,NIHD,NTLI,PETM,PIXR,PTEN,RHAT,RIMM,ROST,SEPR,SIRI,SNDK,SUNW,TEVA,URBN,VRSN,WFMI,WYNN,XMSR,XRAY,YHOO"
2006Q1,2006-01-01,2006-03-31,100,497,52,"AMLN,ATVI,ATYT,BEAS,CDNS,CDWC,CELG,CHKP,CHRW,CKFR,CTSH,DISCA,DISH,ERICY,ERTS,EXPD,EXPE,FAST,FLEX,GOOG,GRMN,IACI,JDSU,JNPR,LAMR,LBTYA,LNCR,LRCX,MCHP,MERQ,MNST,MRVL,NIHD,NTLI,PETM,PIXR,PTEN,RHAT,RIMM,ROST,SEBL,SEPR,SIRI,SNDK,SUNW,TEVA,URBN,WFMI,WYNN,XMSR,XRAY,YHOO"
2006Q2,2006-04-01,2006-06-30,99,497,50,"AMLN,ATVI,ATYT,BEAS,CDNS,CDWC,CELG,CHIR,CHKP,CHRW,CKFR,CTSH,DISCA,DISH,ERICY,ERTS,EXPD,EXPE,FAST,GOOG,GRMN,IACI,JDSU,LAMR,LBTYA,LNCR,LRCX,MCHP,MERQ,MNST,MRVL,NIHD,NTLI,PETM,PIXR,PTEN,RHAT,RIMM,ROST,SEBL,SEPR,SIRI,SUNW,TEVA,URBN,WFMI,WYNN,XMSR,XRAY,YHOO"
2006Q3,2006-07-01,2006-09-30,99,497,50,"AMLN,ATVI,ATYT,BEAS,CDNS,CDWC,CELG,CHIR,CHKP,CHRW,CKFR,CTSH,DISCA,DISH,ERICY,ERTS,EXPD,EXPE,FAST,GOOG,GRMN,IACI,JDSU,LAMR,LBTYA,LNCR,LRCX,MCHP,MERQ,MNST,MRVL,NIHD,NTLI,PETM,PIXR,PTEN,RHAT,RIMM,ROST,SEBL,SEPR,SIRI,SUNW,TEVA,URBN,WFMI,WYNN,XMSR,XRAY,YHOO"
2006Q4,2006-10-01,2006-12-31,98,497,47,"AEOS,AMLN,ATVI,BEAS,CDNS,CDWC,CHKP,CHRW,CKFR,DISCA,DISH,ERIC,ERTS,EXPD,EXPE,FAST,GOOG,GRMN,IACI,INFY,ISRG,JOYG,LAMR,LBTYA,LINTA,LRCX,LVLT,MCHP,MICC,MNST,MRVL,NIHD,NTLI,PETM,PTEN,RIMM,ROST,SEPR,SIRI,SUNW,TEVA,VRTX,WFMI,WYNN,XMSR,XRAY,YHOO"
2007Q1,2007-01-01,2007-03-31,103,497,54,"AEOS,AKAM,AMLN,ATVI,BEAS,BKNG,CDNS,CDWC,CHKP,CKFR,DISCA,DISCK,DISH,ERIC,EXPD,EXPE,FAST,FI,FLEX,GRMN,HSIC,IACI,INFY,ISRG,JOYG,LAMR,LBTYA,LMCK,LOGI,LRCX,LVLT,MCHP,MDLZ,MICC,MNST,MRVL,NIHD,NLOK,NLTI,PETM,PTEN,QRTEA,RIMM,ROST,RYAAY,SEPR,SIRI,TEVA,VRTX,WFMI,WYNN,XMSR,XRAY,YHOO"
2007Q2,2007-04-01,2007-06-30,103,497,54,"AKAM,AMLN,ATVI,BEAS,BKNG,CDNS,CDWC,CHKP,CKFR,DISCA,DISCK,DISH,ERIC,EXPD,EXPE,FAST,FI,FLEX,GRMN,HSIC,IACI,INFY,ISRG,JOYG,LAMR,LBTYA,LMCK,LOGI,LRCX,LVLT,MCHP,MEDI,MICC,MNST,MRVL,NIHD,NLOK,NLTI,PETM,PTEN,QRTEA,RIMM,ROST,RYAAY,SEPR,SIRI,TEVA,UAUA,VRTX,WFMI,WYNN,XMSR,XRAY,YHOO"
2007Q3,2007-07-01,2007-09-30,103,497,53,"AMLN,ATVI,BEAS,BKNG,CDNS,CDWC,CEPH,CHKP,CKFR,DISCA,DISCK,DISH,ERIC,EXPD,EXPE,FAST,FI,FLEX,FWLT,GRMN,HSIC,IACI,INFY,ISRG,JOYG,LAMR,LBTYA,LMCK,LOGI,LRCX,LVLT,MICC,MNST,MRVL,NIHD,NLOK,NLTI,PETM,PTEN,QRTEA,RIMM,ROST,RYAAY,SEPR,SIRI,TEVA,UAUA,VRTX,WFMI,WYNN,XMSR,XRAY,YHOO"
2007Q4,2007-10-01,2007-12-31,103,497,51,"AMLN,ATVI,BEAS,BIDU,BKNG,CDNS,CEPH,CHKP,DISCA,DISCK,DISH,ERIC,FAST,FI,FLEX,FWLT,GRMN,HSIC,IACI,INFY,ISRG,JOYG,LAMR,LBTYA,LEAP,LMCK,LOGI,LRCX,LVLT,MICC,MNST,MRVL,NIHD,NLOK,PETM,PTEN,QRTEA,RIMM,ROST,RYAAY,SEPR,SIRI,TEVA,UAUA,VMED,VRTX,WFMI,WYNN,XMSR,XRAY,YHOO"
2008Q1,2008-01-01,2008-03-31,103,497,51,"AMLN,ATVI,BEAS,BIDU,BKNG,CDNS,CEPH,CHKP,DISCA,DISCK,DISH,ERIC,FAST,FI,FLEX,FWLT,GRMN,HSIC,IACI,INFY,ISRG,JOYG,LAMR,LBTYA,LEAP,LMCK,LOGI,LRCX,LVLT,MICC,MNST,MRVL,NIHD,NLOK,PETM,PTEN,QRTEA,RIMM,ROST,RYAAY,SEPR,SIRI,TEVA,UAUA,VMED,VRTX,WFMI,WYNN,XMSR,XRAY,YHOO"
2008Q2,2008-04-01,2008-06-30,103,497,49,"AMLN,ATVI,BIDU,BKNG,CDNS,CEPH,CHKP,DISCA,DISCK,DISH,FAST,FI,FLEX,FMCN,FWLT,GRMN,HANS,HOLX,HSIC,IACI,INFY,JOYG,LAMR,LBTYA,LEAP,LMCK,LOGI,LRCX,LVLT,MICC,MNST,MRVL,NIHD,NLOK,PETM,QRTEA,RIMM,RYAAY,SIRI,SRCL,STLD,TEVA,UAUA,VMED,VRTX,WFMI,WYNN,XRAY,YHOO"
2008Q3,2008-07-01,2008-09-30,103,497,48,"AMLN,ATVI,BIDU,BKNG,CDNS,CEPH,CHKP,DISCA,DISCK,DISH,FI,FLEX,FMCN,FWLT,GRMN,HANS,HOLX,HSIC,IACI,INFY,JOYG,LAMR,LBTYA,LEAP,LMCK,LOGI,LRCX,LVLT,MICC,MNST,MRVL,NIHD,NLOK,PETM,QRTEA,RIMM,RYAAY,SIRI,SRCL,STLD,TEVA,UAUA,VMED,VRTX,WFMI,WYNN,XRAY,YHOO"
2008Q4,2008-10-01,2008-12-31,103,498,44,"AMLN,ATVI,BIDU,BKNG,CDNS,CHKP,DISCA,DISCK,DISH,FI,FLEX,FLIR,FMCN,FWLT,GRMN,HANS,HOLX,HSIC,IACI,INFY,JOYG,LAMR,LBTYA,LEAP,LMCK,LOGI,LRCX,LVLT,MICC,MRVL,NIHD,NLOK,PETM,QRTEA,RIMM,RYAAY,SIRI,STLD,STX,TEVA,VMED,VRTX,WFMI,YHOO"
2009Q1,2009-01-01,2009-03-31,103,499,41,"ATVI,BIDU,BKNG,CHKP,DISCK,DISH,FI,FLEX,FMCN,FSLR,FWLT,GRMN,HANS,HOLX,HSIC,IACI,ILMN,INFY,JBHT,JOYG,LBTYA,LMCK,LOGI,LRCX,MICC,MRVL,MXIM,NIHD,NLOK,PPDI,QRTEA,RIMM,ROST,RYAAY,STLD,STX,TEVA,URBN,VRTX,WCRX,YHOO"
2009Q2,2009-04-01,2009-06-30,103,499,41,"ATVI,BIDU,BKNG,CHKP,DISCK,DISH,FI,FLEX,FMCN,FSLR,FWLT,GRMN,HANS,HOLX,HSIC,IACI,ILMN,INFY,JBHT,JOYG,LBTYA,LMCK,LOGI,LRCX,MICC,MRVL,MXIM,NIHD,NLOK,PPDI,QRTEA,RIMM,ROST,RYAAY,STLD,STX,TEVA,URBN,VRTX,WCRX,YHOO"
2009Q3,2009-07-01,2009-09-30,102,499,40,"ATVI,BIDU,BKNG,CHKP,DISCK,DISH,FI,FLEX,FSLR,FWLT,GRMN,HANS,HOLX,HSIC,IACI,ILMN,INFY,JBHT,JOYG,LBTYA,LMCK,LOGI,LRCX,MICC,MRVL,MXIM,NIHD,NLOK,PPDI,QRTEA,RIMM,ROST,RYAAY,STLD,STX,TEVA,URBN,VRTX,WCRX,YHOO"
2009Q4,2009-10-01,2009-12-31,101,499,38,"ATVI,BIDU,CERN,CHKP,DISCK,DISH,FI,FLEX,FWLT,GRMN,HANS,HOLX,HSIC,IACI,ILMN,INFY,JBHT,JOYG,LBTYA,LMCK,LOGI,LRCX,MICC,MRVL,MXIM,NIHD,NLOK,PPDI,QRTEA,RIMM,RYAAY,STLD,STX,TEVA,URBN,VRTX,WCRX,YHOO"
2010Q1,2010-01-01,2010-03-31,101,499,37,"ATVI,BIDU,CERN,CHKP,DISCK,DISH,FI,FLEX,FWLT,GRMN,HANS,HOLX,HSIC,IACI,ILMN,INFY,JBHT,JOYG,LBTYA,LMCK,LOGI,LRCX,MICC,MRVL,MXIM,NIHD,NLOK,PPDI,QRTEA,RIMM,RYAAY,STLD,STX,TEVA,VRTX,WCRX,YHOO"
2010Q2,2010-04-01,2010-06-30,101,499,36,"ATVI,BIDU,CHKP,DISCK,DISH,FI,FLEX,FWLT,GRMN,HANS,HOLX,HSIC,IACI,ILMN,INFY,JBHT,JOYG,LBTYA,LMCK,LOGI,LRCX,MICC,MRVL,MXIM,NIHD,NLOK,PPDI,QRTEA,RIMM,RYAAY,STLD,STX,TEVA,VRTX,WCRX,YHOO"
2010Q3,2010-07-01,2010-09-30,101,497,36,"ATVI,BIDU,CHKP,DISCK,DISH,FI,FLEX,FWLT,GRMN,HANS,HOLX,HSIC,IACI,ILMN,INFY,JBHT,JOYG,LBTYA,LMCK,LOGI,LRCX,MICC,MRVL,MXIM,NIHD,NLOK,PPDI,QRTEA,RIMM,RYAAY,STLD,STX,TEVA,VRTX,WCRX,YHOO"
2010Q4,2010-10-01,2010-12-31,101,497,33,"ATVI,BIDU,CHKP,DISCK,DISH,FI,FLEX,FWLT,GRMN,HOLX,HSIC,ILMN,INFY,JBHT,JOYG,LMCK,LOGI,LRCX,MICC,MRVL,MXIM,NIHD,NLOK,QGEN,QRTEA,RIMM,STX,TEVA,VMED,VOD,VRTX,WCRX,YHOO"
2011Q1,2011-01-01,2011-03-31,101,497,33,"ATVI,BIDU,CHKP,DISCK,DISH,FI,FLEX,FWLT,GRMN,HOLX,HSIC,ILMN,INFY,JBHT,JOYG,LMCK,LOGI,LRCX,MICC,MRVL,MXIM,NIHD,NLOK,QGEN,QRTEA,RIMM,STX,TEVA,VMED,VOD,VRTX,WCRX,YHOO"
2011Q2,2011-04-01,2011-06-30,101,497,31,"ALXN,ATVI,BIDU,CHKP,DISCK,DLTR,FI,FLEX,GRMN,HSIC,ILMN,INFY,JOYG,LMCK,LRCX,MICC,MRVL,MXIM,NIHD,NLOK,QGEN,QRTEA,RIMM,STX,TCOM,TEVA,VMED,VOD,VRTX,WCRX,YHOO"
2011Q3,2011-07-01,2011-09-30,101,497,31,"ALXN,ATVI,BIDU,CHKP,DISCK,DLTR,FI,FLEX,GMCR,GRMN,HSIC,ILMN,INFY,JOYG,LMCK,LRCX,MRVL,MXIM,NIHD,NLOK,QGEN,QRTEA,RIMM,STX,TCOM,TEVA,VMED,VOD,VRTX,WCRX,YHOO"
2011Q4,2011-10-01,2011-12-31,101,497,30,"ALXN,ATVI,BIDU,CHKP,DISCK,FI,FLEX,GMCR,GRMN,HSIC,ILMN,INFY,LMCK,LRCX,MRVL,MXIM,NIHD,NLOK,QGEN,QRTEA,RIMM,SIRI,STX,TCOM,TEVA,VMED,VOD,VRTX,WCRX,YHOO"
2012Q1,2012-01-01,2012-03-31,101,497,30,"ALXN,ATVI,BIDU,CHKP,DISCK,FI,FLEX,GMCR,GRMN,HSIC,ILMN,INFY,LMCK,LRCX,MRVL,MXIM,NIHD,NLOK,QGEN,QRTEA,RIMM,SIRI,STX,TCOM,TEVA,VMED,VOD,VRTX,WCRX,YHOO"
2012Q2,2012-04-01,2012-06-30,101,497,28,"ATVI,AVGO,BIDU,CHKP,DISCK,FI,FLEX,GMCR,GOLD,GRMN,HSIC,INFY,LMCK,MRVL,MXIM,NLOK,NUAN,QRTEA,RIMM,SIRI,STX,TCOM,TEVA,VMED,VOD,VRTX,WCRX,YHOO"
2012Q3,2012-07-01,2012-09-30,101,497,27,"ATVI,AVGO,BIDU,CHKP,DISCK,FI,FLEX,GMCR,GOLD,GRMN,HSIC,INFY,LMCK,MRVL,MXIM,NLOK,NUAN,QRTEA,RIMM,SHLD,SIRI,TCOM,VMED,VOD,VRTX,WCRX,YHOO"
2012Q4,2012-10-01,2012-12-31,100,497,25,"ATVI,AVGO,BIDU,CHKP,DISCK,FI,FLEX,GMCR,GOLD,HSIC,LMCK,META,MRVL,MXIM,NLOK,NUAN,QRTEA,RIMM,SHLD,SIRI,VMED,VOD,VRTX,WCRX,YHOO"
2013Q1,2013-01-01,2013-03-31,100,497,27,"ATVI,AVGO,BIDU,CHKP,CTRX,DISCK,EQIX,FI,GOLD,HSIC,LBTYA,LMCK,META,MXIM,NLOK,NUAN,QRTEA,REGN,SBAC,SHLD,SIRI,STRZA,VMED,VOD,VRSK,VRTX,YHOO"
2013Q2,2013-04-01,2013-06-30,100,497,25,"ATVI,AVGO,BIDU,CHKP,CTRX,DISCK,EQIX,FI,GOLD,HSIC,LBTYA,LMCA,LMCK,META,MXIM,NLOK,NUAN,QRTEA,SBAC,SHLD,SIRI,VOD,VRSK,VRTX,YHOO"
2013Q3,2013-07-01,2013-09-30,100,497,26,"ATVI,AVGO,BIDU,CHKP,CHTR,CTRX,DISCK,EQIX,FI,GOLD,HSIC,LBTYA,LMCA,LMCK,META,MXIM,NLOK,NUAN,QRTEA,SBAC,SHLD,SIRI,TSLA,VOD,VRSK,YHOO"
2013Q4,2013-10-01,2013-12-31,100,497,27,"ATVI,AVGO,BIDU,CHKP,CHTR,CTRX,DISCK,EQIX,FI,GMCR,HSIC,LBTYA,LMCA,LMCK,META,MXIM,NLOK,NUAN,QRTEA,SBAC,SHLD,SIRI,TSLA,VIP,VOD,VRSK,YHOO"
2014Q1,2014-01-01,2014-03-31,100,497,26,"ATVI,AVGO,BIDU,CHKP,CHTR,CTRX,DISCK,EQIX,FI,HSIC,LBTYA,LMCA,LMCK,META,MXIM,NLOK,NUAN,QRTEA,SBAC,SHLD,SIRI,TSLA,VIP,VOD,VRSK,YHOO"
2014Q2,2014-04-01,2014-06-30,100,498,26,"ATVI,BIDU,CHKP,CHTR,CTRX,DISCK,DISH,EQIX,FI,HSIC,ILMN,LBTYA,LMCA,LMCK,META,MXIM,NLOK,NXPI,QRTEA,SBAC,SIRI,TSLA,VIP,VOD,VRSK,YHOO"
2014Q3,2014-07-01,2014-09-30,100,499,25,"ATVI,BIDU,CHKP,CHTR,CTRX,DISH,EQIX,FI,HSIC,ILMN,LBTYA,LMCA,LMCK,META,MXIM,NLOK,NXPI,QRTEA,SBAC,SIRI,TSLA,VIP,VOD,VRSK,YHOO"
2014Q4,2014-10-01,2014-12-31,101,499,25,"ATVI,BIDU,CHKP,CHTR,CTRX,DISH,EQIX,FI,HSIC,ILMN,LBTYA,LMCA,LMCK,META,MXIM,NLOK,NXPI,QRTEA,SBAC,SIRI,TSLA,VIP,VOD,VRSK,YHOO"
2015Q1,2015-01-01,2015-03-31,104,500,24,"ATVI,BIDU,CHKP,CHTR,CTRX,DISH,FI,FOX,ILMN,LBTYA,LBTYK,LMCA,LMCK,META,NLOK,NXPI,QRTEA,SBAC,SIRI,TSLA,VIP,VOD,VRSK,YHOO"
2015Q2,2015-04-01,2015-06-30,104,499,24,"ATVI,BIDU,CHKP,CHTR,CTRX,DISH,FI,FOX,ILMN,LBTYA,LBTYK,LMCA,LMCK,META,NLOK,NXPI,QRTEA,SBAC,SIRI,TSLA,VIP,VOD,VRSK,YHOO"
2015Q3,2015-07-01,2015-09-30,105,503,25,"BIDU,BMRN,CHKP,CHTR,DISH,FI,ILMN,JD,LBTYA,LBTYK,LILA,LILAK,LMCA,LMCK,META,NLOK,NXPI,QRTEA,SBAC,SIRI,TSLA,VIP,VOD,VRSK,YHOO"
2015Q4,2015-10-01,2015-12-31,106,502,24,"BIDU,BMRN,CHKP,CHTR,DISH,FI,INCY,JD,LBTYA,LBTYK,LILA,LILAK,LMCA,LMCK,META,NLOK,NXPI,QRTEA,SBAC,SIRI,TSLA,VIP,VOD,YHOO"
2016Q1,2016-01-01,2016-03-31,105,505,26,"BIDU,BMRN,CHKP,CHTR,DISH,FI,INCY,JD,LBTYA,LBTYK,LMCA,LMCK,META,MXIM,NCLH,NLOK,NXPI,QRTEA,SBAC,SIRI,TCOM,TMUS,TSLA,ULTA,VOD,YHOO"
2016Q2,2016-04-01,2016-06-30,107,505,28,"BATRA,BATRK,BIDU,BMRN,CHKP,CHTR,DISH,FI,INCY,JD,LBTYA,LBTYK,LMCA,LMCK,META,MXIM,NCLH,NLOK,NTES,NXPI,QRTEA,SBAC,SIRI,TCOM,TMUS,TSLA,VOD,YHOO"
2016Q3,2016-07-01,2016-09-30,104,506,23,"BIDU,BMRN,CHKP,DISH,FI,INCY,JD,LBTYA,LBTYK,META,MXIM,NCLH,NLOK,NTES,NXPI,QRTEA,SBAC,SIRI,TCOM,TMUS,TSLA,VOD,YHOO"
2016Q4,2016-10-01,2016-12-31,104,506,24,"BIDU,BMRN,CHKP,DISH,FI,INCY,JD,LBTYA,LBTYK,META,MXIM,NCLH,NLOK,NTES,NXPI,QRTEA,SBAC,SHPG,SIRI,TCOM,TMUS,TSLA,VOD,YHOO"
2017Q1,2017-01-01,2017-03-31,104,506,21,"BIDU,BMRN,CHKP,FI,JD,LBTYA,LBTYK,META,MXIM,NCLH,NLOK,NTES,QRTEA,SBAC,SHPG,SIRI,TCOM,TMUS,TSLA,VOD,YHOO"
2017Q2,2017-04-01,2017-06-30,104,506,20,"BIDU,BMRN,CHKP,FI,JD,LBTYA,LBTYK,META,MXIM,NCLH,NLOK,NTES,QRTEA,SHPG,SIRI,TCOM,TMUS,TSLA,VOD,YHOO"
2017Q3,2017-07-01,2017-09-30,104,506,20,"BIDU,BMRN,CHKP,FI,JD,LBTYA,LBTYK,META,MXIM,NCLH,NLOK,NTES,QRTEA,SHPG,SIRI,TCOM,TMUS,TSLA,VOD,YHOO"
2017Q4,2017-10-01,2017-12-31,104,505,19,"BIDU,BMRN,CHKP,FI,JD,LBTYA,LBTYK,MELI,META,MXIM,NLOK,NTES,QRTEA,SHPG,SIRI,TCOM,TMUS,TSLA,VOD"
2018Q1,2018-01-01,2018-03-31,104,506,19,"BIDU,BMRN,CHKP,FI,JD,LBTYA,LBTYK,MELI,META,MXIM,NLOK,NTES,QRTEA,SHPG,SIRI,TCOM,TMUS,TSLA,VOD"
2018Q2,2018-04-01,2018-06-30,104,506,19,"BIDU,BMRN,CHKP,FI,JD,LBTYA,LBTYK,MELI,META,MXIM,NLOK,NTES,QRTEA,SHPG,SIRI,TCOM,TMUS,TSLA,VOD"
2018Q3,2018-07-01,2018-09-30,103,505,21,"ASML,BIDU,BMRN,CHKP,FI,JD,LBTYA,LBTYK,MELI,META,MXIM,NLOK,NTES,QRTEA,SHPG,SIRI,TCOM,TMUS,TSLA,VOD,WDAY"
2018Q4,2018-10-01,2018-12-31,103,505,22,"ASML,BIDU,BMRN,CHKP,ESRX,FI,JD,LBTYA,LBTYK,MELI,META,NLOK,NTES,NXPI,QRTEA,SHPG,SIRI,TCOM,TMUS,TSLA,VOD,WDAY"
2019Q1,2019-01-01,2019-03-31,103,505,20,"ASML,BIDU,BMRN,CHKP,FI,JD,LBTYA,LBTYK,LULU,MELI,META,NLOK,NTES,NXPI,SIRI,TCOM,TMUS,TSLA,WDAY,WTW"
2019Q2,2019-04-01,2019-06-30,103,505,20,"ASML,BIDU,BMRN,CHKP,FI,JD,LBTYA,LBTYK,LULU,MELI,META,NLOK,NTES,NXPI,SIRI,TCOM,TMUS,TSLA,WDAY,WTW"
2019Q3,2019-07-01,2019-09-30,103,505,19,"ASML,BIDU,BMRN,CHKP,FI,JD,LBTYA,LBTYK,LULU,MELI,META,NLOK,NTES,NXPI,SIRI,TCOM,TSLA,WDAY,WTW"
2019Q4,2019-10-01,2019-12-31,103,505,18,"ASML,BIDU,BMRN,CHKP,FI,JD,LBTYA,LBTYK,LULU,MELI,META,NTES,NXPI,SIRI,TCOM,TSLA,WDAY,WTW"
2020Q1,2020-01-01,2020-03-31,103,505,18,"ASML,BIDU,BMRN,CHKP,FI,JD,LBTYA,LBTYK,LULU,MELI,META,NTES,NXPI,SIRI,TCOM,TSLA,WDAY,WTW"
2020Q2,2020-04-01,2020-06-30,103,505,21,"ASML,BIDU,BMRN,CHKP,CSGP,FI,JD,LBTYA,LBTYK,LULU,MELI,META,NTES,NXPI,SGEN,SIRI,SPLK,TCOM,TSLA,WDAY,ZM"
2020Q3,2020-07-01,2020-09-30,103,505,22,"ASML,BIDU,BMRN,CHKP,DOCU,FI,JD,LBTYA,LBTYK,LULU,MELI,META,MRNA,NTES,NXPI,SGEN,SIRI,SPLK,TCOM,TSLA,WDAY,ZM"
2020Q4,2020-10-01,2020-12-31,103,505,23,"ASML,BIDU,BMRN,CHKP,DOCU,FI,JD,KDP,LBTYA,LBTYK,LULU,MELI,META,MRNA,NTES,NXPI,PDD,SGEN,SIRI,SPLK,TCOM,WDAY,ZM"
2021Q1,2021-01-01,2021-03-31,103,505,22,"ASML,BIDU,BMRN,CHKP,DOCU,FI,JD,KDP,LBTYA,LBTYK,LULU,MELI,META,MRNA,NTES,PDD,SGEN,SIRI,SPLK,TCOM,WDAY,ZM"
2021Q2,2021-04-01,2021-06-30,103,505,22,"ASML,BIDU,BMRN,CHKP,DOCU,FI,JD,KDP,LBTYA,LBTYK,LULU,MELI,META,MRNA,NTES,PDD,SGEN,SIRI,SPLK,TCOM,WDAY,ZM"
2021Q3,2021-07-01,2021-09-30,102,505,23,"ASML,BIDU,CHKP,DOCU,FI,JD,KDP,LULU,MELI,META,MRVL,MXIM,NTES,OKTA,PDD,PTON,SGEN,SIRI,SPLK,TCOM,TEAM,WDAY,ZM"
2021Q4,2021-10-01,2021-12-31,102,505,23,"ASML,BIDU,CHKP,CRWD,DOCU,FI,JD,KDP,LULU,MELI,META,MRVL,NTES,OKTA,PDD,PTON,SGEN,SIRI,SPLK,TCOM,TEAM,WDAY,ZM"
2022Q1,2022-01-01,2022-03-31,102,505,26,"ABNB,ASML,BIDU,CRWD,DDOG,DOCU,FI,JD,KDP,LCID,LULU,MELI,META,MRVL,NTES,OKTA,PANW,PDD,SGEN,SIRI,SPLK,TEAM,WDAY,XLNX,ZM,ZS"
2022Q2,2022-04-01,2022-06-30,102,503,24,"ABNB,ASML,BIDU,CRWD,DDOG,DOCU,FI,JD,LCID,LULU,MELI,MRVL,NTES,OKTA,PANW,PDD,SGEN,SIRI,SPLK,TEAM,WDAY,XLNX,ZM,ZS"
2022Q3,2022-07-01,2022-09-30,102,503,24,"ABNB,ASML,BIDU,CRWD,DDOG,DOCU,FI,JD,LCID,LULU,MELI,MRVL,NTES,OKTA,PANW,PDD,SGEN,SIRI,SPLK,TEAM,WDAY,XLNX,ZM,ZS"
2022Q4,2022-10-01,2022-12-31,102,503,23,"ABNB,ASML,AZN,BIDU,CRWD,DDOG,DOCU,FI,JD,LCID,LULU,MELI,MRVL,NTES,PANW,PDD,SGEN,SIRI,SPLK,TEAM,WDAY,ZM,ZS"
2023Q1,2023-01-01,2023-03-31,102,503,23,"ABNB,ASML,AZN,BIDU,CRWD,DDOG,DOCU,FI,JD,LCID,LULU,MELI,MRVL,NTES,PANW,PDD,SGEN,SIRI,SPLK,TEAM,WDAY,ZM,ZS"
2023Q2,2023-04-01,2023-06-30,101,503,19,"ABNB,ASML,AZN,CRWD,DDOG,GFS,JD,LCID,LULU,MELI,MRVL,PDD,RIVN,SGEN,SIRI,TEAM,WDAY,ZM,ZS"
2023Q3,2023-07-01,2023-09-30,101,503,17,"ASML,AZN,CRWD,DDOG,GFS,JD,LCID,LULU,MELI,MRVL,PDD,SGEN,SIRI,TEAM,WDAY,ZM,ZS"
2023Q4,2023-10-01,2023-12-31,101,503,16,"ASML,AZN,CRWD,DDOG,GFS,JD,LCID,MELI,MRVL,PDD,SIRI,TEAM,TTD,WDAY,ZM,ZS"
2024Q1,2024-01-01,2024-03-31,101,503,17,"ASML,AZN,CCEP,CRWD,DASH,DDOG,GFS,MDB,MELI,MRVL,PDD,SIRI,SPLK,TEAM,TTD,WDAY,ZS"
2024Q2,2024-04-01,2024-06-30,101,503,16,"ASML,AZN,CCEP,DASH,DDOG,GFS,ILMN,MDB,MELI,MRVL,PDD,SIRI,TEAM,TTD,WDAY,ZS"
2024Q3,2024-07-01,2024-09-30,101,504,16,"ARM,ASML,AZN,CCEP,DASH,DDOG,GFS,ILMN,MDB,MELI,MRVL,PDD,TEAM,TTD,WDAY,ZS"
2024Q4,2024-10-01,2024-12-31,101,503,16,"APP,ARM,ASML,AZN,CCEP,DASH,DDOG,GFS,ILMN,MDB,MELI,MRVL,PDD,TEAM,TTD,ZS"
2025Q1,2025-01-01,2025-03-31,101,503,15,"APP,ARM,ASML,AZN,CCEP,DDOG,GFS,ILMN,MDB,MELI,MRVL,PDD,TEAM,TTD,ZS"
2025Q2,2025-04-01,2025-06-30,101,503,15,"APP,ARM,ASML,AZN,CCEP,DDOG,GFS,MDB,MELI,MRVL,MSTR,PDD,TEAM,TTD,ZS"
2025Q3,2025-07-01,2025-09-30,100,503,12,"ARM,ASML,AZN,CCEP,GFS,MELI,MRVL,MSTR,PDD,SHOP,TEAM,ZS"
2025Q4,2025-10-01,2025-12-31,101,503,13,"ARM,ASML,AZN,CCEP,GFS,MELI,MRVL,MSTR,PDD,SHOP,TEAM,TRI,ZS"
2026Q1,2026-01-01,2026-03-31,101,503,15,"ALNY,ARM,ASML,AZN,CCEP,FER,INSM,MELI,MRVL,MSTR,PDD,SHOP,TEAM,TRI,ZS"
2026Q2,2026-04-01,2026-06-30,101,503,14,"ALAB,ALNY,ARM,ASML,CCEP,CRWV,FER,MELI,MSTR,NBIS,PDD,RKLB,SHOP,TRI"
