Quarter,Start_Date,End_Date,NASDAQ_20_Return_Pct,Official_NASDAQ100_Return_Pct,Difference_Pct
1997Q1,1997-01-01,1997-03-31,-2.7421782595609234,-2.958507840654634,0.21632958109371048
1997Q2,1997-04-01,1997-06-30,28.69210511122415,20.10388176548812,8.588223345736035
1997Q3,1997-07-01,1997-09-30,20.594511163176122,14.610884780110723,5.983626383065399
1997Q4,1997-10-01,1997-12-31,-11.489712010762432,-9.694942442830179,-1.7947695679322528
1998Q1,1998-01-01,1998-03-31,23.179079715685624,23.199434800161512,-0.020355084475887075
1998Q2,1998-04-01,1998-06-30,4.1410546822275185,9.558763291989525,-5.417708609762006
1998Q3,1998-07-01,1998-09-30,-0.39604531555488265,0.6086709438138271,-1.0047162593687098
1998Q4,1998-10-01,1998-12-31,53.54429045279041,36.457621072033874,17.086669380756536
1999Q1,1999-01-01,1999-03-31,30.5318086473767,14.726499311005847,15.805309336370854
1999Q2,1999-04-01,1999-06-30,-2.077737030956539,9.038212296868075,-11.115949327824614
1999Q3,1999-07-01,1999-09-30,6.495309025806617,4.838534115300974,1.6567749105056429
1999Q4,1999-10-01,1999-12-31,52.15465748488137,53.98604593213994,-1.831388447258564
2000Q1,2000-01-01,2000-03-31,20.93445647008718,18.6095371147005,2.3249193553866787
2000Q2,2000-04-01,2000-06-30,-17.69364541435777,-14.41730485874877,-3.276340555609003
2000Q3,2000-07-01,2000-09-30,-14.141193358474657,-5.132592413498028,-9.00860094497663
2000Q4,2000-10-01,2000-12-31,-35.74713153928838,-34.417368460851215,-1.3297630784371628
2001Q1,2001-01-01,2001-03-31,-24.498352367464616,-32.81590297647008,8.317550609005464
2001Q2,2001-04-01,2001-06-30,16.646330172366607,16.331797235023117,0.3145329373434924
2001Q3,2001-07-01,2001-09-30,-32.59650881456928,-36.161272873308214,3.564764058738934
2001Q4,2001-10-01,2001-12-31,16.972244170432305,34.97864546333791,-18.006401292905604
2002Q1,2002-01-01,2002-03-31,-9.486754895611204,-7.878000063409507,-1.6087548322016976
2002Q2,2002-04-01,2002-06-30,-25.143903773562425,-27.62921510727484,2.4853113337124144
2002Q3,2002-07-01,2002-09-30,-22.63094855284481,-20.81871011308628,-1.812238439758529
2002Q4,2002-10-01,2002-12-31,-4.6522254319533936,18.23139384038821,-22.883619272341605
2003Q1,2003-01-01,2003-03-31,3.843278680526141,4.9385349994919725,-1.0952563189658315
2003Q2,2003-04-01,2003-06-30,8.210423259783761,16.160168843364886,-7.949745583581125
2003Q3,2003-07-01,2003-09-30,9.389667269695412,8.537042747722733,0.852624521972678
2003Q4,2003-10-01,2003-12-31,14.891042553315014,12.040606330533121,2.8504362227818936
2004Q1,2004-01-01,2004-03-31,-3.541746739464391,-0.761449152193916,-2.780297587270475
2004Q2,2004-04-01,2004-06-30,10.159679623709783,5.216340343243919,4.943339280465864
2004Q3,2004-07-01,2004-09-30,-15.658365805460694,-7.849791267361472,-7.808574538099222
2004Q4,2004-10-01,2004-12-31,5.7876170856557385,15.415737700247023,-9.628120614591285
2005Q1,2005-01-01,2005-03-31,-2.0576042434729214,-8.742154279119429,6.684550035646508
2005Q2,2005-04-01,2005-06-30,2.0757190358661193,1.0049639538501243,1.070755082015995
2005Q3,2005-07-01,2005-09-30,2.817105689468291,7.240612780545241,-4.42350709107695
2005Q4,2005-10-01,2005-12-31,7.924702123986949,2.7184296292596555,5.206272494727293
2006Q1,2006-01-01,2006-03-31,-2.3245063759631313,3.5533673717481173,-5.877873747711249
2006Q2,2006-04-01,2006-06-30,-5.472464468011051,-7.538475986992744,2.066011518981692
2006Q3,2006-07-01,2006-09-30,5.205664125483067,5.0087923668289625,0.19687175865410467
2006Q4,2006-10-01,2006-12-31,7.09752819426106,6.212933687195199,0.8845945070658612
2007Q1,2007-01-01,2007-03-31,-0.32051508475807733,0.8799590187261286,-1.200474103484206
2007Q2,2007-04-01,2007-06-30,11.647023161223991,9.125685526642524,2.5213376345814664
2007Q3,2007-07-01,2007-09-30,9.70337549375795,8.117987694534957,1.5853877992229926
2007Q4,2007-10-01,2007-12-31,2.9401946855984296,-0.29553682015771576,3.2357315057561453
2008Q1,2008-01-01,2008-03-31,-17.29725946460666,-14.532862014552029,-2.764397450054634
2008Q2,2008-04-01,2008-06-30,3.4251751714475587,3.095520026039278,0.3296551454082808
2008Q3,2008-07-01,2008-09-30,-10.526770735468983,-13.198046911147488,2.6712761756785053
2008Q4,2008-10-01,2008-12-31,-21.0731891512431,-24.016856574879487,2.943667423636387
2009Q1,2009-01-01,2009-03-31,4.598180003625485,2.0930136590599613,2.5051663445655237
2009Q2,2009-04-01,2009-06-30,17.688178280674638,19.421023273862083,-1.7328449931874434
2009Q3,2009-07-01,2009-09-30,13.478798277633718,16.364190218311037,-2.8853919406773176
2009Q4,2009-10-01,2009-12-31,12.819419345638217,8.221106580026682,4.598312765611534
2010Q1,2010-01-01,2010-03-31,3.0130859277579747,5.269551848885468,-2.256465921127493
2010Q2,2010-04-01,2010-06-30,-13.758583804445667,-11.193153385009769,-2.565430419435899
2010Q3,2010-07-01,2010-09-30,14.655584799081023,14.886668123325219,-0.23108332424419675
2010Q4,2010-10-01,2010-12-31,9.061758853625212,11.001781746111305,-1.940022892486093
2011Q1,2011-01-01,2011-03-31,1.7325863924915863,5.461571063998627,-3.7289846715070407
2011Q2,2011-04-01,2011-06-30,0.7275524367685637,-0.5951286666467492,1.322681103415313
2011Q3,2011-07-01,2011-09-30,-4.200212417099191,-7.995028106680646,3.7948156895814544
2011Q4,2011-10-01,2011-12-31,5.9035422380596,6.481455510990175,-0.5779132729305747
2012Q1,2012-01-01,2012-03-31,18.18495386136989,20.960299934586835,-2.7753460732169444
2012Q2,2012-04-01,2012-06-30,-4.083395654773869,-5.064839380532549,0.9814437257586794
2012Q3,2012-07-01,2012-09-30,6.891050451727154,7.0141299527471945,-0.12307950102004028
2012Q4,2012-10-01,2012-12-31,-3.337801802189966,-4.939286007737909,1.6014842055479428
2013Q1,2013-01-01,2013-03-31,5.345220931132522,5.928754232542732,-0.5835333014102106
2013Q2,2013-04-01,2013-06-30,4.9515606290413405,3.225257122989822,1.7263035060515186
2013Q3,2013-07-01,2013-09-30,15.8518309782832,10.60626890294194,5.245562075341259
2013Q4,2013-10-01,2013-12-31,13.352232551982212,11.615188614753613,1.7370439372285995
2014Q1,2014-01-01,2014-03-31,0.16824426288841732,0.10412026726063228,0.06412399562778504
2014Q2,2014-04-01,2014-06-30,7.851135174348922,7.056683742428516,0.7944514319204066
2014Q3,2014-07-01,2014-09-30,7.249239591393919,5.194467824225502,2.0547717671684174
2014Q4,2014-10-01,2014-12-31,0.8229057532818107,4.613971314552212,-3.7910655612704014
2015Q1,2015-01-01,2015-03-31,2.4741546009370063,2.299423078738916,0.17473152219809052
2015Q2,2015-04-01,2015-06-30,4.2186777707533984,1.4553417526403045,2.763336018113094
2015Q3,2015-07-01,2015-09-30,0.09845553394798312,-4.905885242769714,5.004340776717697
2015Q4,2015-10-01,2015-12-31,14.323031885415904,9.85898312868021,4.464048756735695
2016Q1,2016-01-01,2016-03-31,-1.4414186653076366,-2.3863173730262033,0.9448987077185667
2016Q2,2016-04-01,2016-06-30,-0.34529910969305355,-1.4711195764174234,1.1258204667243699
2016Q3,2016-07-01,2016-09-30,11.309953627757373,10.36738574371281,0.942567884044565
2016Q4,2016-10-01,2016-12-31,-1.796483081068867,-0.24775929610104663,-1.5487237849678204
2017Q1,2017-01-01,2017-03-31,11.491413535324767,11.773329330827664,-0.28191579550289614
2017Q2,2017-04-01,2017-06-30,5.313682630635208,3.875663833207965,1.438018797427243
2017Q3,2017-07-01,2017-09-30,6.3076123625149805,5.886040531829795,0.42157183068518567
2017Q4,2017-10-01,2017-12-31,9.515849492199191,6.9760674326424965,2.5397820595566944
2018Q1,2018-01-01,2018-03-31,4.553796611919969,2.88770906225686,1.666087549663109
2018Q2,2018-04-01,2018-06-30,9.89373101053015,6.984666766953418,2.909064243576731
2018Q3,2018-07-01,2018-09-30,7.693944487154458,8.334990342006666,-0.6410458548522069
2018Q4,2018-10-01,2018-12-31,-16.64909678413391,-17.012972540690786,0.3638757565568751
2019Q1,2019-01-01,2019-03-31,17.61367686311093,16.568983058344667,1.0446938047662613
2019Q2,2019-04-01,2019-06-30,3.996141878234871,3.9613648345184993,0.034777043716371914
2019Q3,2019-07-01,2019-09-30,1.9613170745774955,1.0217609798892857,0.9395560946882098
2019Q4,2019-10-01,2019-12-31,13.461050264986142,12.692771745091624,0.7682785198945163
2020Q1,2020-01-01,2020-03-31,-7.51590442388268,-10.529744980860144,3.013840556977465
2020Q2,2020-04-01,2020-06-30,31.66414205530399,29.99104114673321,1.6731009085707793
2020Q3,2020-07-01,2020-09-30,15.534936173082725,12.4173341144153,3.1176020586674236
2020Q4,2020-10-01,2020-12-31,13.639729325424831,12.876267947444742,0.7634613779800903
2021Q1,2021-01-01,2021-03-31,2.0784057769326347,1.5763158466452376,0.5020899302873971
2021Q2,2021-04-01,2021-06-30,12.528437131947268,11.177991114804797,1.3504460171424704
2021Q3,2021-07-01,2021-09-30,2.817328967687316,0.9262923571606407,1.8910366105266752
2021Q4,2021-10-01,2021-12-31,14.515447171943174,11.099402162887873,3.416045009055302
2022Q1,2022-01-01,2022-03-31,-7.60014264409098,-9.078325596443182,1.4781829523522028
2022Q2,2022-04-01,2022-06-30,-26.434564757812197,-22.473782709696145,-3.9607820481160516
2022Q3,2022-07-01,2022-09-30,-4.262491995796747,-4.628937421981716,0.3664454261849692
2022Q4,2022-10-01,2022-12-31,-7.687051651084909,-0.28675024290830686,-7.400301408176602
2023Q1,2023-01-01,2023-03-31,26.672221172761155,20.49030326076624,6.181917911994916
2023Q2,2023-04-01,2023-06-30,21.22796718736226,15.156717635143547,6.071249552218716
2023Q3,2023-07-01,2023-09-30,-2.4459770834042938,-3.0566149358232764,0.6106378524189826
2023Q4,2023-10-01,2023-12-31,14.402128341081744,14.343564902781015,0.05856343830072941
2024Q1,2024-01-01,2024-03-31,13.698220396816696,8.491417710640615,5.206802686176082
2024Q2,2024-04-01,2024-06-30,14.142718850205593,7.823633269039343,6.3190855811662505
2024Q3,2024-07-01,2024-09-30,1.9798159261348758,1.9195371406710349,0.06027878546384091
2024Q4,2024-10-01,2024-12-31,10.383168414376676,4.743007344213979,5.640161070162697
2025Q1,2025-01-01,2025-03-31,-13.513351647827143,-8.251027856713456,-5.262323791113688
2025Q2,2025-04-01,2025-06-30,21.84642933262737,17.63917742349632,4.207251909131049
2025Q3,2025-07-01,2025-09-30,14.335081958880291,8.82304827238929,5.5120336864910024
2025Q4,2025-10-01,2025-12-31,4.8400683094184105,2.308996073337033,2.5310722360813775
2026Q1,2026-01-01,2026-03-31,-8.197343967880533,-5.978887003289168,-2.2184569645913643
2026Q2,2026-04-01,2026-06-30,24.10501572380168,27.532045868209188,-3.4270301444075058
2026Q3,2026-07-01,2026-07-10,0.49475746191780523,-1.8141222439296945,2.3088797058474997
