Ticker,Shares_Outstanding,Market_Cap
A,282431944.0,37159571456.0
AABA,,
AAL,661385137.0,11531249664.0
AAMRQ,,
AAP,60329208.0,3496680960.0
AAPL,14687356000.0,4305892409344.0
ABBV,1766792821.0,415125667840.0
ABC,,
ABI,,
ABKFQ,,
ABMD,,
ABNB,417930233.0,85708046336.0
ABS,,
ABT,1741813154.0,157651501056.0
ABX,95922367.0,893996416.0
ACAS,,
ACGL,349389588.0,33164060672.0
ACKH,,
ACN,611942109.0,79050670080.0
ACS,,
ACV,10396028.0,284747200.0
ADBE,397500000.0,78136573952.0
ADCT,127191158.0,136730496.0
ADI,487087040.0,201244884992.0
ADM,481956527.0,36194934784.0
ADP,399734282.0,87885578240.0
ADS,,
ADSK,211145251.0,40668688384.0
ADT,705806827.0,4977808896.0
AEE,276751616.0,31372562432.0
AEOS,,
AEP,544105032.0,73426968576.0
AES,713157713.0,10476285952.0
AET,,
AFL,508984904.0,59917701120.0
AFS.A,,
AGC,,
AGN,,
AHM,,
AIG,530206221.0,40369901568.0
AIT,36959541.0,12337278976.0
AIV,143856183.0,419340736.0
AIZ,49547637.0,13075126272.0
AJG,256942000.0,56704532480.0
AKAM,145385451.0,17370654720.0
AKS,,
AL,,
ALB,117934651.0,17436639232.0
ALGN,71618127.0,12239537152.0
ALK,111428978.0,5749734912.0
ALL,257420930.0,60130955264.0
ALLE,85935861.0,11506811904.0
ALNY,133512573.0,39260708864.0
ALTR,,
ALXN,,
AM,474980000.0,10530307072.0
AMAT,793959430.0,467614334976.0
AMCC,,
AMCR,462345690.0,19289987072.0
AMD,1630600639.0,846371356672.0
AME,229203002.0,53952094208.0
AMG,26412085.0,8958186496.0
AMGN,539708274.0,189650780160.0
AMH,359179944.0,13436177408.0
AMLN,,
AMP,89897084.0,41425477632.0
AMT,465893069.0,81279705088.0
AMTM,244316319.0,4976723456.0
AMZN,10757109436.0,2521143705600.0
AN,33461495.0,6518801408.0
ANDV,,
ANDW,,
ANET,1259169438.0,203828051968.0
ANF,44431710.0,3949090560.0
ANRZQ,,
ANSS,,
ANTM,,
ANV,,
AON,213576949.0,69508620288.0
AOS,111965465.0,8293837312.0
APA,353470227.0,11781164032.0
APC,12570223.0,1514750720.0
APCC,,
APD,222680686.0,62049972224.0
APH,1230234445.0,200196046848.0
APO,576517513.0,70646456320.0
APOL,,
APP,305732000.0,156255551488.0
APTV,211620527.0,12786111488.0
AR,309836000.0,10755956736.0
ARC,,
ARE,174269480.0,8930439168.0
ARES,222028421.0,37559635968.0
ARG,,
ARM,1068078760.0,383563104256.0
ARNC,,
AS,581822024.0,20421951488.0
ASC,40802614.0,691400320.0
ASH,45787777.0,2905692160.0
ASML,385417665.0,679684079616.0
ASN,,
ASND,65576126.0,15592691712.0
ASO,62018371.0,3175960832.0
AT,,
ATGE,,
ATI,136470427.0,26978840576.0
ATO,166919822.0,28797007872.0
ATVI,,
AV,,
AVB,141872069.0,26044874752.0
AVGO,4757580198.0,1817776226304.0
AVP,,
AVY,76490385.0,12483995648.0
AW,,
AWE,,
AWK,195280521.0,25319096320.0
AXON,80602077.0,36806135808.0
AXP,682326443.0,233778692096.0
AYE,,
AYI,30315168.0,9263102976.0
AZA.A,,
AZN,1550862203.0,283078885376.0
AZO,16325355.0,50466570240.0
BA,788302331.0,173615710208.0
BAC,7096590651.0,409792643072.0
BALL,266246511.0,16245030912.0
BATRA,10318187.0,3602316800.0
BATRK,52847883.0,3313669632.0
BAX,516469008.0,10871310336.0
BAY,,
BBBY,74493795.0,498735936.0
BBI,,
BBT,83816086.0,2563934208.0
BBWI,201561812.0,4396062720.0
BBY,210767126.0,16361850880.0
BC,64974438.0,5515030528.0
BCR,,
BDK,,
BDX,275540427.0,40702828544.0
BEAM,102879214.0,3487605504.0
BEAS,,
BEN,519637162.0,16883011584.0
BEV,,
BF.B,,
BFI,,
BFO,,
BG,194018115.0,21142153216.0
BGEN,,
BGG,,
BHF,57445785.0,3624254464.0
BHGE,,
BHMSQ,,
BIDU,274750119.0,36686041088.0
BIG,,
BIIB,147637117.0,29466892288.0
BIO,21700560.0,7494050304.0
BJS,,
BK,686379000.0,94143750144.0
BKB,,
BKNG,774878436.0,140466094080.0
BKR,992068697.0,55912992768.0
BLDR,107559876.0,9194218496.0
BLK,155233989.0,159940034560.0
BLL,,
BLS,,
BLY,,
BMC,,
BMET,,
BMGCA,,
BMRN,193284438.0,11080996864.0
BMS,,
BMY,2042071247.0,112324132864.0
BNI,,
BNL,191766555.0,4221320192.0
BOAT,,
BOL,,
BR,115658297.0,16195631104.0
BRCM,,
BRK.B,,
BRL,,
BRO,338947841.0,20950366208.0
BSC,,
BSX,1486355179.0,66083352576.0
BT,,
BTUUQ,,
BUD,1712181593.0,163325853696.0
BVSN,,
BWA,205114941.0,13984737280.0
BX,742180737.0,138176724992.0
BXLT,,
BXP,159477391.0,11438678016.0
C,1705576955.0,245202272256.0
CA,,
CAG,478437156.0,6509137408.0
CAH,234205855.0,54607437824.0
CAL,33589744.0,436330752.0
CAM,,
CAR,35324986.0,6192116224.0
CARR,830580423.0,61508632576.0
CASY,37004914.0,29653884928.0
CAT,460591983.0,458090971136.0
CB,387860106.0,130014576640.0
CBB,,
CBE,,
CBH,,
CBOE,104653784.0,26232518656.0
CBRE,292816579.0,39211069440.0
CBS,,
CBSS,,
CCE,,
CCEP,442777049.0,43746373632.0
CCI,436451983.0,35869802496.0
CCK,111746617.0,12174793728.0
CCL,1239000212.0,40037462016.0
CCTYQ,,
CCU,184751436.0,2053195136.0
CDAY,,
CDNS,275816000.0,102727671808.0
CDW,127753451.0,16636054528.0
CDWC,,
CE,109662539.0,5265995264.0
CEG,357102017.0,95692627968.0
CELG,,
CEN,,
CEPH,,
CERN,,
CF,153629274.0,15837641728.0
CFC,,
CFG,422881942.0,29373380608.0
CFL,,
CFN,,
CG,359974427.0,14780551168.0
CGP,,
CHA,125489219.0,2241469184.0
CHD,236943602.0,23379224576.0
CHIR,,
CHK,,
CHKP,104027807.0,12970186752.0
CHRS,154249900.0,234459856.0
CHRW,117873042.0,20898299904.0
CHTR,141178369.0,20590669824.0
CI,264532404.0,73924894720.0
CIEN,141552922.0,65572978688.0
CIN,,
CINF,154686742.0,27603847168.0
CIT.A,,
CITGQ,,
CKFR,,
CL,800189310.0,73529393152.0
CLF,570414657.0,6032134656.0
CLX,120921351.0,11539524608.0
CMA,,
CMB,,
CMCSA,3562784182.0,80875249664.0
CMCSK,,
CME,361319613.0,83675119616.0
CMG,1282734000.0,40669081600.0
CMI,137989067.0,95859630080.0
CMS,308919602.0,23623084032.0
CMVT,,
CMX,,
CNC,493797000.0,31089457152.0
CNG,,
CNP,654169480.0,28695144448.0
CNW,,
CNX,141477594.0,4771332096.0
CNXT,,
COC.B,,
COF,616019481.0,123514986496.0
COG,,
COHR,195639321.0,76782567424.0
COIN,222426875.0,39550730240.0
COL,,
COMS,2695238.0,4312.0
COO,195030630.0,13423958016.0
COP,1218294007.0,130296545280.0
COR,194561060.0,55373049856.0
COST,443478804.0,426169827328.0
COTY,880466438.0,1712507264.0
COV,,
CPAY,65361919.0,22510972928.0
CPB,298206243.0,6629124608.0
CPGX,,
CPNLQ,,
CPQ,,
CPRI,114796106.0,2197197312.0
CPRT,963308388.0,29284575232.0
CPT,99090596.0,11026800640.0
CPWR,190012124.0,1311083.0
CR,57745686.0,12357000192.0
CRH,668200216.0,74858463232.0
CRL,48167730.0,9731325952.0
CRM,819000000.0,125143203840.0
CRR,,
CRWD,254564820.0,171327209472.0
CSCO,3941434665.0,471947378688.0
CSE,,
CSGP,408355715.0,12166958080.0
CSR,16803148.0,1005611456.0
CSRA,,
CSX,1858138856.0,85585879040.0
CTAS,400136881.0,68395397120.0
CTB,,
CTL,,
CTLT,,
CTRA,759356619.0,24724652032.0
CTRX,,
CTSH,473000000.0,19594024960.0
CTVA,668820000.0,53559103488.0
CTX,,
CTXS,,
CVC,,
CVG,,
CVH,,
CVNA,716288385.0,74502569984.0
CVS,1275927307.0,130119073792.0
CVX,1991597732.0,341688451072.0
CXO,,
CYM,,
CZR,203693576.0,6029329920.0
D,879512484.0,60919435264.0
DAL,656994340.0,59559825408.0
DALRQ,,
DASH,411336610.0,77527425024.0
DAY,,
DCNAQ,,
DD,135019400.0,18604320768.0
DDOG,330825798.0,79254536192.0
DDR,,
DDS,11630836.0,9076004864.0
DE,270107282.0,162507358208.0
DEC,72323471.0,923570752.0
DECK,138880957.0,14683884544.0
DELL,325046693.0,280438702080.0
DF,,
DFS,,
DG,220586647.0,26296133632.0
DGN,,
DGX,110696429.0,22487980032.0
DHI,283579613.0,47198990336.0
DHR,707770627.0,133690793984.0
DI,,
DIGI,150232167.0,15023.0
DIS,1736511424.0,175691563008.0
DISCA,,
DISCK,,
DISH,,
DJ,,
DLR,351406070.0,69034131456.0
DLTR,192174588.0,22936037376.0
DLX,45784061.0,1074551808.0
DNB,,
DNR,,
DO,,
DOC,689419702.0,14353718272.0
DOCU,190944608.0,8447389696.0
DOV,134661414.0,30223407104.0
DOW,720741438.0,21175382016.0
DPHIQ,,
DPZ,33261870.0,9567776768.0
DRE,,
DRI,114535003.0,24454367232.0
DTE,208028313.0,31441399808.0
DTV,,
DUK,779596217.0,98618925056.0
DVA,64185000.0,13669928960.0
DVN,1153403107.0,49302216704.0
DWD,,
DWDP,,
DXC,162080263.0,1360663808.0
DXCM,385872977.0,26906925056.0
DYN,165313796.0,3360829440.0
EA,250751484.0,51283693568.0
EBAY,444000000.0,48595800064.0
EC,2055834735.0,29994629120.0
ECH,8850000.0,
ECL,281437502.0,77748518912.0
ECO,39044655.0,2125981568.0
ED,368529705.0,40792551424.0
EDS,,
EFU,,
EFX,119072409.0,19019251712.0
EG,39571602.0,13683067904.0
EHC,99199080.0,10140625920.0
EIX,384793941.0,28555558912.0
EKDKQ,,
EL,247287571.0,30124853248.0
ELV,217162380.0,83386015744.0
EMC,,
EME,44440278.0,37727100928.0
EMN,114349960.0,8043375616.0
EMR,560100000.0,79270944768.0
ENDP,,
ENPH,131798220.0,6301932032.0
ENRNQ,,
ENS,36517773.0,8001409024.0
EOG,532628530.0,71633215488.0
EOP,,
EP,39792204.0,109030640.0
EPAM,52244451.0,4094397952.0
EQ,63226556.0,180195680.0
EQIX,98624248.0,107993554944.0
EQR,374712144.0,25580023808.0
EQT,625478000.0,32215246848.0
ERIC,3051713196.0,36978315264.0
ERIE,46189068.0,12002093056.0
ES,376080025.0,26968698880.0
ESRX,,
ESS,64261739.0,19423399936.0
ESV,,
ETFC,,
ETN,388300000.0,157148889088.0
ETR,457886847.0,52501307392.0
ETS,12550005.0,11972480.0
ETSY,94896231.0,7404752896.0
EVHC,,
EVRG,230513025.0,19780321280.0
EW,575800000.0,51620470784.0
EXC,1023208142.0,47973109760.0
EXE,239228849.0,21195675648.0
EXPD,130791133.0,20944891904.0
EXPE,114498625.0,31463788544.0
EXR,211260936.0,32214691840.0
F,3913840554.0,55207915520.0
FANG,281313297.0,51618181120.0
FAST,1148035061.0,53108101120.0
FB,,
FBF,,
FBHS,,
FCN,30144043.0,4346167808.0
FCX,1437559865.0,88898699264.0
FDC,,
FDO,,
FDS,36431127.0,7885517312.0
FDX,238606756.0,75693219840.0
FDXF,148906159.0,23909117952.0
FE,578431175.0,27651901440.0
FER,715786287.0,49775779840.0
FFIV,56419247.0,21708998656.0
FG,132484990.0,3504228096.0
FHN,474617813.0,11993592832.0
FI,,
FICO,23190906.0,26425341952.0
FII,,
FIS,516879151.0,19969624064.0
FISV,533253986.0,25697509376.0
FITB,906311548.0,49878855680.0
FIX,35183967.0,68762492928.0
FJ,,
FL,,
FLEX,366377923.0,55198498816.0
FLIR,,
FLMIQ,,
FLR,139669896.0,7429041152.0
FLS,127807021.0,9318410240.0
FLT,,
FLTWQ,,
FMC,125045301.0,1415512832.0
FMCC,650059553.0,4212386048.0
FMCN,,
FMY,4213115.0,49735824.0
FNMA,1158087567.0,8245583360.0
FOSL,59101598.0,238179456.0
FOX,220426203.0,19050891264.0
FOXA,199474449.0,20911050752.0
FPC,,
FRC,,
FRO,222622889.0,9062977536.0
FRT,86389197.0,10833509376.0
FRX,,
FSH,,
FSL,,
FSLR,107453363.0,26709682176.0
FTI,398701897.0,25636532224.0
FTL.A,,
FTNT,732648391.0,106431832064.0
FTR,,
FTV,304861021.0,18410557440.0
FWLT,,
G,169506510.0,4836020736.0
GAPTQ,,
GAS,,
GD,270430187.0,93171310592.0
GDDY,132409847.0,10772203520.0
GDT,,
GDW,,
GE,1043337235.0,382104633344.0
GEHC,454891786.0,29506553856.0
GEN,602433854.0,14193341440.0
GENZ,,
GEV,268719995.0,284166029312.0
GFS,548700833.0,45926260736.0
GFS.A,,
GGP,,
GHC,3343083.0,5066035200.0
GIDL,,
GILD,1241569874.0,155382480896.0
GIS,533681218.0,18572105728.0
GL,77644761.0,13642960896.0
GLD,260300000.0,
GLK,,
GLW,860637825.0,177110646784.0
GM,901665195.0,71209009152.0
GMCR,,
GME,448691257.0,9622183936.0
GNRC,58868681.0,16726358016.0
GNT,16185959.0,130782544.0
GNW,383009256.0,3558155776.0
GOLD,29004374.0,1196720384.0
GOOG,5499638298.0,4210192547840.0
GOOGL,5867155790.0,4213304197120.0
GP,5029321.0,6286651.0
GPC,137624545.0,15405686784.0
GPN,273543507.0,18352033792.0
GPS,,
GPU,,
GR,,
GRA,,
GRMN,192856206.0,46310563840.0
GRN,,
GS,295007421.0,317590241280.0
GSX,,
GT,287438631.0,1807988992.0
GTE,35359890.0,218347312.0
GTW,,
GWF,,
GWW,47213119.0,63397781504.0
GX,,
H,41030133.0,18580910080.0
HAL,835397735.0,28324159488.0
HANS,,
HAR,,
HAS,141490692.0,11783344128.0
HBAN,2027130587.0,35606548480.0
HBI,,
HBOC,,
HCA,221839800.0,86067191808.0
HCBK,,
HCP,,
HCR,,
HD,997116682.0,341801631744.0
HES,,
HET,,
HFC,,
HFS,,
HI,,
HIG,274130820.0,36272992256.0
HII,39404029.0,11022489600.0
HLT,227648372.0,78151680000.0
HM,,
HMA,,
HNZ,,
HOG,105268302.0,2690657792.0
HOLX,,
HON,633653119.0,144105390080.0
HOOD,791184698.0,87542595584.0
HOT,,
HP,99930952.0,3274737408.0
HPC,,
HPE,1324203521.0,64581406720.0
HPH,,
HPQ,914522690.0,21317523456.0
HRB,126760207.0,4605832192.0
HRL,550284207.0,14059761664.0
HRS,,
HSH,,
HSIC,113916757.0,9434586112.0
HSP,,
HST,684879281.0,17052775424.0
HSY,148229858.0,37116280832.0
HUBB,52841777.0,27384985600.0
HUM,120061500.0,43471867904.0
HWM,400107483.0,110477680640.0
I,,
IAC,68597997.0,3142127872.0
IACI,,
IBKR,445484364.0,157392453632.0
IBM,939885280.0,247133454336.0
ICE,565512495.0,73513795584.0
IDXX,78882997.0,43312287744.0
IEX,74015052.0,16442075136.0
IFF,255303473.0,19353280512.0
IGT,,
IKN,,
ILMN,151300000.0,26485065728.0
IMNX,,
INCLF,,
INCY,199782155.0,21668372480.0
INFO,,
INFY,4048927919.0,44396494848.0
INGR,63059061.0,6185462784.0
INSM,216752451.0,22429544448.0
INTC,5026000000.0,662979674112.0
INTU,273537000.0,71756955648.0
INVH,594041956.0,17604433920.0
IP,529516974.0,20280498176.0
IPG,,
IPGP,42443616.0,4572026368.0
IQV,166900000.0,30974969856.0
IR,391336834.0,30649499648.0
IRM,297524681.0,38849282048.0
ISRG,354162842.0,142334509056.0
IT,66951889.0,8735212544.0
ITT,89402646.0,17483728896.0
ITW,287700000.0,75866497024.0
IVZ,443296629.0,11521280000.0
J,118080879.0,14407048192.0
JAVA,,
JBHT,94299203.0,25358942208.0
JBL,105502622.0,39224819712.0
JCI,610115603.0,87136714752.0
JCP,,
JD,1350500000.0,34410737664.0
JEC,,
JEF,204432307.0,11852985344.0
JH,,
JHF,,
JKHY,71050780.0,9098052608.0
JNJ,2407216971.0,580187455488.0
JNPR,,
JNS,,
JNY,,
JOS,,
JOY,,
JOYG,,
JP,,
JPM,2679511418.0,893576806400.0
JWN,,
K,,
KATE,,
KBH,62600000.0,3852403968.0
KDP,1360559471.0,42701160448.0
KEY,1079368644.0,24971194368.0
KEYS,170895368.0,60061175808.0
KG,7824030.0,84968960.0
KHC,1185777638.0,27201740800.0
KIM,674389792.0,17159846912.0
KKR,897872941.0,85271773184.0
KLAC,1306275210.0,314126532608.0
KM,,
KMB,331940357.0,35427995648.0
KMG,,
KMI,2224825757.0,72518205440.0
KMX,141909099.0,7206144000.0
KO,4302482418.0,346887651328.0
KORS,,
KR,613000000.0,35848241152.0
KRB,,
KRFT,,
KRI,,
KSE,,
KSS,113399993.0,2142692864.0
KSU,,
KVUE,1920008668.0,36086562816.0
KWP,,
L,205768873.0,23031711744.0
LAMR,87055016.0,15599767552.0
LB,27839229.0,4731924992.0
LBTYA,175460330.0,3759643392.0
LBTYK,149668449.0,3624404736.0
LCID,390256808.0,2003968768.0
LDG,,
LDOS,125785466.0,13118166016.0
LDW.B,,
LEAP,,
LEG,136432456.0,1559422976.0
LEHMQ,,
LEN,215244398.0,22895890432.0
LH,82000000.0,21744758784.0
LHX,186294951.0,53515087872.0
LIFE,30914997.0,1720830848.0
LII,34799968.0,19201230848.0
LILA,37800000.0,1328232960.0
LILAK,161100000.0,1321184000.0
LIN,462347310.0,238446362624.0
LITE,77800000.0,65581510656.0
LKQ,254790835.0,6683163648.0
LLL,,
LLTC,,
LLX,,
LLY,891741406.0,996726079488.0
LM,,
LMCA,,
LMCK,,
LMT,230563608.0,113335853056.0
LNC,191213197.0,6927654400.0
LNT,258277037.0,19523160064.0
LO,,
LOGI,143535585.0,14693738496.0
LOR,,
LOW,561000000.0,124211011584.0
LPX,69864880.0,5570327040.0
LRCX,1250571000.0,468739031040.0
LSI,,
LU,866688892.0,1118028672.0
LUB,,
LULU,108437957.0,12841811968.0
LUMN,1030311070.0,8319761408.0
LUV,488773713.0,24893245440.0
LVLT,,
LVS,662637325.0,31640932352.0
LW,138072803.0,6304403968.0
LXK,,
LYB,322784773.0,18111453184.0
LYV,232712799.0,39905591296.0
M,263037954.0,6670642688.0
MA,877036230.0,437100118016.0
MAA,116384802.0,16038693888.0
MAC,297559375.0,7855552000.0
MAR,263688623.0,101140406272.0
MAS,201734437.0,15745373184.0
MAT,290569000.0,4033097728.0
MAY,,
MBI,50934039.0,318592416.0
MCD,710505859.0,194639527936.0
MCHP,542079281.0,50164019200.0
MCIC,4562387031.0,912478.0
MCK,117077745.0,89749110784.0
MCO,174676438.0,78565965824.0
MD,82121911.0,1989813888.0
MDB,80431927.0,24321812480.0
MDLZ,1283649766.0,79252537344.0
MDP,,
MDR,,
MDT,1280045190.0,102582820864.0
MEA,,
MEDI,,
MEE,,
MEL,,
MELI,50697182.0,84135526400.0
MER,,
MERQ,,
MET,643436779.0,54447624192.0
META,2196045588.0,1415932542976.0
MFE,,
MGM,255851235.0,12048034816.0
MHK,60953145.0,7266833920.0
MHS,,
MI,230985.0,2539680.0
MICC,612259739.0,10436616192.0
MII,,
MIL,,
MIR,244655718.0,4455180288.0
MJN,,
MKC,253986983.0,12788871168.0
MKG,,
MKTX,35539453.0,4032306176.0
MLM,60045900.0,37036912640.0
MMC,,
MMI,37821808.0,1123118592.0
MMM,521567261.0,86522789888.0
MNK,,
MNR,166801737.0,2101201536.0
MNST,978008110.0,92617367552.0
MO,1669891235.0,120332353536.0
MOB,12633371.0,67335864.0
MOH,52100000.0,10496586752.0
MOLX,,
MON,,
MOS,317846644.0,6631870464.0
MPC,291936635.0,71971135488.0
MPWR,49130000.0,70499090432.0
MRK,2469824415.0,297984327680.0
MRNA,396786259.0,23973826560.0
MRO,,
MRVL,875553173.0,242261180416.0
MS,1577284817.0,347176173568.0
MSCI,72727592.0,41973276672.0
MSFT,7428434704.0,2714684358656.0
MSI,165995582.0,66517749760.0
MST,,
MSTR,338128276.0,33710737408.0
MTB,146445060.0,34152452096.0
MTCH,233266526.0,8243639296.0
MTD,20207601.0,24331970560.0
MTG,211490268.0,5722926592.0
MTL,,
MTLQQ,,
MTW,35909584.0,484061184.0
MU,1127734051.0,1181775036416.0
MUR,143349576.0,5045904896.0
MWI,,
MWV,,
MWW,,
MXIM,,
MYG,,
MYL,,
MZIAQ,,
NAE,,
NAV,,
NAVI,93989417.0,792330816.0
NBL,,
NBR,14795909.0,1210749312.0
NC,5978790.0,390264288.0
NCC,,
NCE,,
NCLH,459110140.0,9648199680.0
NCR,,
NDAQ,565540798.0,46153785344.0
NDSN,55717948.0,16498640896.0
NE,159545944.0,6249414656.0
NEE,2085605358.0,182719889408.0
NEM,1067552764.0,100365975552.0
NFB,,
NFLX,4210798528.0,302524825600.0
NFX,,
NGH,,
NI,479439245.0,22828498944.0
NIHD,,
NKE,1199499281.0,62026952704.0
NKTR,33786032.0,2192544512.0
NLC,,
NLOK,,
NLSN,,
NLTI,,
NLV,,
NMK,,
NOC,142033476.0,71428628480.0
NOV,358888480.0,6589192704.0
NOVL,,
NOW,1031308000.0,96762470400.0
NRG,210986470.0,29974847488.0
NRTLQ,,
NSC,224594001.0,68204703744.0
NSI,,
NSM,,
NTAP,195919927.0,30481221632.0
NTES,640715469.0,75373764608.0
NTRS,185047258.0,32185270272.0
NUAN,,
NUE,227740950.0,54773972992.0
NVDA,24221000000.0,4817799348224.0
NVLS,,
NVR,2699292.0,18255581184.0
NWL,424927772.0,2341352192.0
NWS,181392937.0,15513559040.0
NWSA,362370055.0,13710984192.0
NXPI,252471079.0,74317381632.0
NXTL,,
NYN,,
NYT,161081975.0,11531099136.0
NYX,,
O,932492530.0,57819201536.0
OAT,,
ODFL,207968283.0,45553373184.0
ODP,,
OGN,262609433.0,3538662400.0
OI,153299563.0,1469376384.0
OK,,
OKE,630032852.0,54995566592.0
OKTA,167658970.0,20792582144.0
OM,18537241.0,85827424.0
OMC,285006196.0,20993558528.0
OMX,,
ON,388803191.0,45015633920.0
ONE,,
ORCL,2880471000.0,454077448192.0
ORLY,828715079.0,72765325312.0
ORX,,
OTIS,383716076.0,27861622784.0
OWENQ,,
OXY,994634701.0,50825830400.0
PAC,51922658.0,14645183488.0
PALM,,
PANW,815000000.0,232486912000.0
PARA,,
PAS,,
PAYC,46627098.0,5932132352.0
PAYX,358290881.0,34503413760.0
PBCT,,
PBG,,
PBI,135441425.0,2352617728.0
PBY,360076992.0,
PCAR,526286229.0,61591277568.0
PCG,2202224728.0,37680066560.0
PCH,,
PCL,,
PCP,,
PCS,,
PD,76649404.0,679880256.0
PDCO,,
PDD,1423396462.0,107822284800.0
PDG,,
PEAK,,
PEG,498321402.0,40827473920.0
PEL,,
PENN,133744451.0,2727727616.0
PEP,1366768315.0,194474688512.0
PET,,
PETM,,
PFE,5699444169.0,137071632384.0
PFG,216012384.0,23039881216.0
PG,2328598978.0,354133344256.0
PGL,,
PGN,,
PGR,582200000.0,128375103488.0
PH,126086389.0,121188442112.0
PHA,,
PHB,,
PHM,190486353.0,25849950208.0
PKG,89098647.0,21193005056.0
PKI,,
PLD,932338000.0,132001382400.0
PLL,,
PLTR,2296071334.0,272118890496.0
PM,1558558846.0,278576824320.0
PMCS,,
PMI,93349845.0,16018834.0
PNC,401564632.0,96347398144.0
PNR,161605541.0,12092942336.0
PNU,,
PNW,121187166.0,12765250560.0
PODD,69264674.0,10312124416.0
POM,6774573.0,9803658.0
POOL,36443003.0,7483935232.0
PPDI,,
PPG,222900000.0,26977587200.0
PPL,752350362.0,27776772096.0
PPW,,
PRD,,
PRGO,138367770.0,1351853184.0
PRU,347325107.0,36899819520.0
PSA,175579656.0,55821156352.0
PSFT,,
PSX,400935020.0,67629715456.0
PTC,115505791.0,13044069376.0
PTEN,379617653.0,3613960448.0
PTON,417155201.0,2481043712.0
PTV,,
PVH,46108092.0,3350214144.0
PVN,,
PVT,,
PWER,,
PWJ,,
PWR,150060149.0,105396240384.0
PX,,
PXD,,
PYPL,882105493.0,37467426816.0
PZE,,
Q,209339207.0,33217943552.0
QCOM,1054000000.0,207980544000.0
QEP,,
QGEN,206250000.0,7990125568.0
QLGC,,
QRTEA,,
QRVO,88013673.0,8553168896.0
QTRN,,
R,38691018.0,10095646720.0
RAD,,
RAI,,
RAL,111933148.0,8089408512.0
RATL,,
RBD,,
RBK,,
RCL,268194978.0,86109364224.0
RDC,,
RDS.A,,
RE,,
REG,183096790.0,14927692800.0
REGN,103021886.0,65343025152.0
RF,853379538.0,25166161920.0
RHI,102293589.0,3080060160.0
RHT,,
RIG,1106760308.0,5578072064.0
RIMM,,
RIVN,1338953907.0,19652849664.0
RJF,194883034.0,30146457600.0
RL,37635070.0,24648693760.0
RLM,,
RMD,145056384.0,28490524672.0
RML,,
RNB,,
ROH,,
ROK,111273953.0,51271696384.0
ROL,481463663.0,21439576064.0
ROP,100917359.0,33449562112.0
ROST,320781076.0,73336971264.0
RRC,235622250.0,8556621824.0
RRD,,
RSG,307664087.0,65715511296.0
RSHCQ,,
RTN,,
RTX,1346683428.0,249176834048.0
RVTY,111559773.0,11803024384.0
RX,,
RYAAY,520274376.0,33157085184.0
RYAN,129468136.0,9310470144.0
RYC,,
RYI,,
S,335181654.0,5166624256.0
SAF,,
SAI,,
SANM,53597735.0,13335652352.0
SAPE,,
SATS,158465020.0,30115971072.0
SB,102244782.0,691685952.0
SBAC,106063017.0,19670448128.0
SBL,,
SBNY,62974038.0,59825336.0
SBUX,1139700000.0,117981732864.0
SCG,,
SCHW,1739135507.0,158956978176.0
SCI,137970998.0,10218821632.0
SDS,,
SE,566956729.0,56798752768.0
SEBL,,
SEDG,60818202.0,3031787264.0
SEE,,
SEG,12801910.0,346163648.0
SEPR,,
SFA,,
SFS,,
SGEN,,
SGID,,
SGP,33433355.0,653622080.0
SHLD,,
SHN,,
SHOP,1219581025.0,148153237504.0
SHPG,,
SHW,246635621.0,82178990080.0
SIAL,,
SIG,39329783.0,3344998144.0
SII,25782581.0,2747649536.0
SIRI,336619936.0,9393379328.0
SIVB,,
SJM,106662133.0,11905093632.0
SK,,
SLB,1495057661.0,69714542592.0
SLG,71124483.0,3819338752.0
SLM,188592995.0,4496056832.0
SLR,,
SMCI,646873027.0,20997496832.0
SMI,,
SMS,,
SNA,51801916.0,20313085952.0
SNDK,148089758.0,284541878272.0
SNI,,
SNPS,191479325.0,88850235392.0
SNT,23331653.0,47596568.0
SNV,,
SO,1127301098.0,107961622528.0
SOLV,173174712.0,13092008960.0
SOTR,,
SOV,,
SPG,324281912.0,84340277248.0
SPGI,296000000.0,119240638464.0
SPLK,,
SPLS,,
SRCL,,
SRE,653707401.0,60618289152.0
SRR,,
SSP,79608102.0,257229712.0
STE,97457680.0,20179587072.0
STI,7745683.0,91631432.0
STJ,,
STLD,144212781.0,34817290240.0
STO,,
STR,,
STRZA,,
STT,276767033.0,46685061120.0
STX,224228992.0,222760288256.0
STZ,172172544.0,24628471808.0
SUB,,
SUN,136894754.0,11654220800.0
SUNEQ,,
SVU,,
SW,524464078.0,24419047424.0
SWK,155455564.0,13931150336.0
SWKS,150405963.0,10745754624.0
SWN,,
SWY,,
SXCL,,
SYF,336370242.0,25668411392.0
SYK,383360762.0,120283275264.0
SYMC,,
SYY,478182608.0,38539124736.0
T,6948338835.0,155503820800.0
TA,,
TAP,175215417.0,7603332096.0
TCOM,629705222.0,29155350528.0
TCOMA,,
TDC,94100000.0,2982499584.0
TDG,55933583.0,73978880000.0
TDM,,
TDY,46329138.0,28337217536.0
TE,279271380.0,2380788480.0
TEAM,159634245.0,20684617728.0
TECH,156568751.0,9217985536.0
TEG,,
TEK,,
TEL,291895799.0,57964670976.0
TEN,30127603.0,1177989248.0
TER,156542162.0,66876375040.0
TEVA,1164426972.0,39846694912.0
TEX,114216576.0,8008866816.0
TFC,1245879275.0,62019870720.0
TFX,44270211.0,5593098240.0
TGNA,,
TGT,454191112.0,64127242240.0
THC,86137000.0,15765223424.0
THY,,
TIE,,
TIF,,
TIN,,
TJX,1104704446.0,182535831552.0
TKO,74967673.0,38901841920.0
TKR,69494510.0,9589548032.0
TLAB,,
TMC,433221138.0,2544126720.0
TMC.A,,
TMK,,
TMO,371621465.0,182856335360.0
TMUS,1082204717.0,195651780608.0
TNB,,
TOS,,
TOY,,
TPL,68974429.0,26042677248.0
TPR,202044714.0,30254178304.0
TRB,,
TRGP,214643903.0,57144647680.0
TRI,436538837.0,35350917120.0
TRIP,116361169.0,1510367872.0
TRMB,233111519.0,11684714496.0
TROW,214266606.0,22540847104.0
TRV,212644693.0,68212162560.0
TRW,,
TSCO,524449616.0,15770199040.0
TSG,,
TSLA,3755723871.0,1410142830592.0
TSN,282120397.0,20353079296.0
TSS,,
TT,221055477.0,106809581568.0
TTD,426999732.0,8320918016.0
TTWO,185666663.0,43765346304.0
TUP,,
TWC,,
TWTR,,
TWX,,
TX,196307678.0,8808325120.0
TXN,910092791.0,275858227200.0
TXT,173888981.0,15046612992.0
TXU,,
TYL,41140555.0,11768461312.0
UA,203035386.0,2504658688.0
UAA,188839506.0,2583528960.0
UAL,324569728.0,42369331200.0
UAUA,,
UAWGQ,,
UBER,2035599013.0,150328983552.0
UCC,,
UCL,25884952.0,38092248.0
UCM,,
UDR,324915653.0,14222242816.0
UHS,53287606.0,8803195904.0
UIS,72905170.0,262823136.0
UK,3670065.0,7400834.0
ULTA,42989311.0,20588871680.0
UMG,,
UN,,
UNH,908144404.0,368534061056.0
UNM,159776235.0,14162566144.0
UNP,593713213.0,154335756288.0
UPC,631761.0,1911122.0
UPR,,
UPS,746581816.0,90194165760.0
URBN,85635083.0,6193985536.0
URI,62646557.0,67888824320.0
USB,1557731728.0,93635256320.0
USBC,388144429.0,131969104.0
USH,,
USHC,,
USS,,
UST,,
USW,,
UTX,,
UVN,,
V,1659709932.0,632082530304.0
VAR,,
VAT,,
VEEV,162443291.0,26197231616.0
VFC,392347053.0,6754254336.0
VIAB,,
VIAC,,
VIAV,246685647.0,12199838720.0
VICI,1076780187.0,28782333952.0
VIP,,
VLO,296932782.0,71988379648.0
VLTO,245599266.0,21195216896.0
VMC,129754885.0,39881461760.0
VMED,,
VNO,188097756.0,7778000896.0
VNT,140800000.0,4257792000.0
VO,153972992.0,
VOD,2302674128.0,31799930880.0
VRSK,131021840.0,23591792640.0
VRSN,91000000.0,22939279360.0
VRT,384108816.0,121482084352.0
VRTS,6682122.0,925941696.0
VRTX,253805417.0,120588034048.0
VST,337182468.0,54910164992.0
VSTNQ,,
VTR,486169723.0,42112024576.0
VTRS,1164552654.0,18545502208.0
VTSS,,
VZ,4175558910.0,190948311040.0
WAB,169677346.0,46264225792.0
WAI,2298365.0,4596591.0
WAMUQ,,
WAT,98185855.0,36229599232.0
WB,157850548.0,1790953088.0
WBA,,
WBD,2507136702.0,68194123776.0
WCG,,
WCOEQ,,
WCRX,,
WDAY,201000000.0,29160157184.0
WDC,344682131.0,222106288128.0
WEC,325725678.0,37657145344.0
WELL,705914450.0,156423569408.0
WEN,190480640.0,1498130176.0
WFC,3060189494.0,258004566016.0
WFM,,
WFMI,,
WFT,,
WHR,64823121.0,2456147968.0
WIN,,
WLA,,
WLL,,
WLP,,
WLTW,,
WM,401575752.0,89683910656.0
WMB,1222998265.0,92788883456.0
WMT,7958079155.0,947091013632.0
WMX,,
WNDXQ,,
WOR,49252994.0,2839514880.0
WPX,,
WRB,372276732.0,26074263552.0
WRK,,
WSM,117746611.0,27753463808.0
WST,70647595.0,24049854464.0
WTW,94447976.0,24698144768.0
WU,312435104.0,2265154560.0
WWY,,
WY,721042609.0,18235168768.0
WYE,,
WYND,,
WYNN,103786729.0,10767873024.0
X,,
XEC,,
XEL,624269560.0,50859241472.0
XL,,
XLNX,,
XMSR,,
XOM,4144947162.0,567526162432.0
XRAY,200326683.0,2107436800.0
XRX,130779611.0,410647968.0
XTO,,
XYL,237693493.0,26624047104.0
XYZ,535195000.0,45055201280.0
YHOO,,
YNR,,
YRCW,,
YUM,275621202.0,42175557632.0
ZBH,193462482.0,17521702912.0
ZBRA,47633392.0,11802601472.0
ZION,147091817.0,10046371840.0
ZM,264645644.0,25062557696.0
ZS,161709525.0,20580769792.0
ZTS,419228118.0,32760580096.0
