ticker,name,weight,shares_held,market_value,isin,cusip,sedol
LLY,Eli Lilly & Co.,14.01,2407824,2660645520.0,US5324571083,532457108,2516152
JNJ,Johnson & Johnson,8.45,7121446,1604675427.18,US4781601046,478160104,2475833
ABBV,AbbVie Inc.,6.08,5303061,1154582440.92,US00287Y1091,00287Y109,B92SR70
UNH,UnitedHealth Group Inc.,5.45,2721374,1034965745.94,US91324P1021,91324P102,2917766
MRK,Merck & Co. Inc.,4.63,7412681,880033488.32,US58933Y1055,58933Y105,2778844
TMO,Thermo Fisher Scientific Inc.,2.89,1114159,548734449.09,US8835561023,883556102,2886907
AMGN,Amgen Inc.,2.87,1616218,544326060.22,US0311621009,031162100,2023607
GILD,Gilead Sciences Inc.,2.63,3721407,500268743.01,US3755581036,375558103,2369174
ISRG,Intuitive Surgical Inc.,2.38,1064855,452180027.2,US46120E6023,46120E602,2871301
ABT,Abbott Laboratories,2.35,5221565,446965964.0,US0028241000,002824100,2002305
PFE,Pfizer Inc.,2.35,17054767,446493800.06,US7170811035,717081103,2684703
BMY,Bristol-Myers Squibb Co.,1.84,6121464,350025311.52,US1101221083,110122108,2126335
DHR,Danaher Corp.,1.84,1909565,348820238.55,US2358511028,235851102,2250870
CVS,CVS Health Corp.,1.83,3814318,347026651.64,US1266501006,126650100,2577609
VRTX,Vertex Pharmaceuticals Inc.,1.8,762619,341302507.26,US92532F1003,92532F100,2931034
SYK,Stryker Corp.,1.66,1033396,315278785.64,US8636671013,863667101,2853688
MDT,Medtronic plc,1.5,3849568,284136614.08,IE00BTN1Y115,G5960L103,BTN1Y11
MCK,McKesson Corp.,1.44,367239,272652923.16,US58155Q1031,58155Q103,2378534
ELV,Anthem Inc.,1.33,644192,253289852.48,US0367521038,036752103,BSPHGL4
CI,Cigna Corp.,1.15,790508,219286919.2,US1255231003,125523100,BHJ0775
BSX,Boston Scientific Corp.,1.13,4455788,215259118.28,US1011371077,101137107,2113434
REGN,Regeneron Pharmaceuticals Inc.,1.01,311519,191515650.82,US75886F1075,75886F107,2730190
HCA,HCA Healthcare Inc.,0.94,469213,177615889.02,US40412C1018,40412C101,B4MGBG6
EW,Edwards Lifesciences Corp.,0.79,1728555,149468150.85,US28176E1082,28176E108,2567116
COR,AmerisourceBergen Corp. Class A,0.79,554070,149244295.2,US03073E1055,03073E105,2795393
CAH,Cardinal Health Inc.,0.73,705513,138844958.4,US14149Y1082,14149Y108,2175672
IDXX,IDEXX Laboratories Inc.,0.71,238122,134188890.66,US45168D1046,45168D104,2459202
BDX,Becton Dickinson and Co.,0.66,854493,125713010.16,US0758871091,075887109,2087807
ALNY,Alnylam Pharmaceuticals Inc.,0.63,397623,120074193.54,US02043Q1076,02043Q107,B00FWN1
A,Agilent Technologies Inc.,0.6,847186,114819118.58,US00846U1016,00846U101,2520153
WAT,Waters Corp.,0.6,294827,113086792.39,US9418481035,941848103,2937689
HUM,Humana Inc.,0.58,359946,109934707.32,US4448591028,444859102,2445063
ZTS,Zoetis Inc.,0.52,1260814,97952639.66,US98978V1035,98978V103,B95WG16
IQV,IQVIA Holdings Inc.,0.49,508759,92700977.39,US46266C1053,46266C105,BDR73G1
NTRA,Natera Inc.,0.47,403689,90172011.93,US6323071042,632307104,BYQRG48
CNC,Centene Corp.,0.46,1474440,87876624.0,US15135B1017,15135B101,2807061
BIIB,Biogen Inc.,0.45,440013,86242548.0,US09062X1037,09062X103,2455965
GEHC,GE HealthCare Technologies Inc.,0.45,1368013,85281930.42,US36266G1076,36266G107,BL6JPG8
DXCM,DexCom Inc.,0.45,1153884,85087406.16,US2521311074,252131107,B0796X4
RMD,ResMed Inc.,0.44,436754,83232209.78,US7611521078,761152107,2732903
VEEV,Veeva Systems Inc. Class A,0.4,440877,76862496.18,US9224751084,922475108,BFH3N85
RVMD,Revolution Medicines Inc.,0.4,485022,76381264.56,US76155X1000,76155X100,BL71K91
ILMN,Illumina Inc.,0.38,446940,72833342.4,US4523271090,452327109,2613990
MTD,Mettler-Toledo International Inc.,0.38,60931,71933919.98,US5926881054,592688105,2126249
WST,West Pharmaceutical Services Inc.,0.37,215922,69701780.82,US9553061055,955306105,2950482
INSM,Insmed Inc.,0.36,630997,67459889.27,US4576693075,457669307,2614487
UTHR,United Therapeutics Corp.,0.35,118264,65851760.48,US91307C1027,91307C102,2430412
LH,Labcorp Holdings Inc.,0.34,247056,64249383.36,US5049221055,504922105,BSBK800
DGX,Quest Diagnostics Inc.,0.34,329405,64201034.5,US74834L1008,74834L100,2702791
STE,STERIS plc,0.33,294031,62549214.63,IE00BFY8C754,G8473T100,BFY8C75
VTRS,Viatris Inc.,0.3,3491134,56765838.84,US92556V1061,92556V106,BMWS3X9
INCY,Incyte Corp.,0.26,507173,49063916.02,US45337C1027,45337C102,2471950
ZBH,Zimmer Biomet Holdings Inc.,0.25,580319,47777663.27,US98956P1021,98956P102,2783815
GH,Guardant Health Inc.,0.25,363768,47177071.92,US40131M1099,40131M109,BFXC911
THC,Tenet Healthcare Corp.,0.24,260733,45711709.56,US88033G4073,88033G407,B8DMK08
NBIX,Neurocrine Biosciences Inc.,0.24,285867,45252746.1,US64125C1099,64125C109,2623911
ROIV,Roivant Sciences Ltd.,0.22,1394714,41827472.86,BMG762791017,G76279101,BMW4NZ9
MRNA,Moderna Inc.,0.21,861542,40656166.98,US60770K1079,60770K107,BGSXTS3
MDLN,Medline Inc. Class A,0.21,1107446,40488225.76,US58507V1070,58507V107,BNBV4B1
JAZZ,Jazz Pharmaceuticals plc,0.21,166100,39280989.0,IE00B4Q5ZN47,G50871105,B4Q5ZN4
IONS,Ionis Pharmaceuticals Inc.,0.19,470529,35995468.5,US4622221004,462222100,BDJ0LS6
COO,Cooper Cos. Inc.,0.19,584941,35804238.61,US2166485019,216648501,BQPDXR3
ELAN,Elanco Animal Health Inc.,0.19,1497222,35708744.7,US28414H1032,28414H103,BF5L3T2
ALGN,Align Technology Inc.,0.19,203979,35686126.05,US0162551016,016255101,2679204
PEN,Penumbra Inc.,0.19,111994,35647690.2,US70975L1070,70975L107,BZ0V201
EXEL,Exelixis Inc.,0.19,704466,35561443.68,US30161Q1040,30161Q104,2576941
RVTY,PerkinElmer Inc.,0.18,335153,35040246.15,US7140461093,714046109,2305844
SOLV,Solventum Corp.,0.17,441892,33119805.4,US83444M1018,83444M101,BMTQB43
EHC,Encompass Health Corp.,0.17,298073,31551027.05,US29261A1007,29261A100,BYX2YJ7
MEDP,Medpace Holdings Inc.,0.16,68485,30620328.35,US58506Q1094,58506Q109,BDCBC61
BMRN,BioMarin Pharmaceutical Inc.,0.16,533389,30557855.81,US09061G1013,09061G101,2437071
PODD,Insulet Corp.,0.16,207656,30097660.64,US45784P1012,45784P101,B1XGNW4
BBIO,Bridgebio Pharma Inc.,0.15,440081,29159767.06,US10806X1028,10806X102,BK1KWG8
BAX,Baxter International Inc.,0.15,1547834,29068322.52,US0718131099,071813109,2085102
ENSG,Ensign Group Inc.,0.15,170759,28627746.35,US29358P1012,29358P101,B1YWPP8
AXSM,Axsome Therapeutics Inc.,0.15,118856,27869354.88,US05464T1043,05464T104,BYZR4X4
ARWR,Arrowhead Pharmaceuticals Inc.,0.15,356871,27803819.61,US04280A1007,04280A100,BYQBFJ8
GMED,Globus Medical Inc.,0.15,337632,27645308.16,US3795772082,379577208,B7D65M0
MOH,Molina Healthcare Inc.,0.14,156183,27113368.8,US60855R1005,60855R100,2212706
BTSG,BrightSpring Health Services Inc.,0.14,434339,26790029.52,US10950A1060,10950A106,BPJM8Q3
CRL,Charles River Laboratories International Inc.,0.14,147876,26722671.96,US1598641074,159864107,2604336
CYTK,Cytokinetics Inc.,0.13,332364,25512260.64,US23282W6057,23282W605,BBBSBJ5
TECH,Bio-Techne Corp.,0.13,469362,24256628.16,US09073M1045,09073M104,BSHZ3Q0
PRAX,Praxis Precision Medicines Inc.,0.13,68890,24109433.3,US74006W2070,74006W207,BQ721R4
MASI,Masimo Corp.,0.13,133432,23810940.4,US5747951003,574795100,B1YWR63
HALO,Halozyme Therapeutics Inc.,0.12,355190,23634342.6,US40637H1095,40637H109,2975098
HSIC,Henry Schein Inc.,0.12,292338,22387244.04,US8064071025,806407102,2416962
UHS,Universal Health Services Inc. Class B,0.12,153185,22381860.35,US9139031002,913903100,2923785
HQY,HealthEquity Inc.,0.12,253285,22286547.15,US42226A1079,42226A107,BP8XZL1
MDGL,Madrigal Pharmaceuticals Inc.,0.12,44706,22230952.62,US5588681057,558868105,BD59BS7
ALKS,Alkermes plc,0.11,473545,19978863.55,IE00B56GVS15,G01767105,B3P6D26
CORT,Corcept Therapeutics Inc.,0.11,287044,19946687.56,US2183521028,218352102,B00SCY1
DVA,DaVita Inc.,0.1,100145,19464182.2,US23918K1088,23918K108,2898087
RGEN,Repligen Corp.,0.1,156379,19383177.05,US7599161095,759916109,2731654
LNTH,Lantheus Holdings Inc.,0.1,195179,19381274.7,US5165441032,516544103,BP8S8J5
KRYS,Krystal Biotech Inc.,0.1,61776,19090637.28,US5011471027,501147102,BD6JX35
PCVX,Vaxcyte Inc.,0.1,366827,18854907.8,US92243G1085,92243G108,BKPVGH6
BRKR,Bruker Corp.,0.1,319356,18806874.84,US1167941087,116794108,2616137
AVTR,Avantor Inc.,0.09,1976091,18021949.92,US05352A1007,05352A100,BJLT387
GKOS,Glaukos Corp.,0.09,165425,17096673.75,US3773221029,377322102,BYMWL19
TFX,Teleflex Inc.,0.09,132423,17034894.72,US8793691069,879369106,2881407
BIO,Bio-Rad Laboratories Inc. Class A,0.09,54216,16941415.68,US0905722072,090572207,2098508
TGTX,TG Therapeutics Inc.,0.09,442863,16802222.22,US88322Q1085,88322Q108,B828K63
CHE,Chemed Corp.,0.09,39215,16721668.15,US16359R1032,16359R103,2190084
TEM,Tempus AI Inc. Class A,0.08,313625,15828653.75,US88023B1035,88023B103,BSLSJJ0
PTCT,PTC Therapeutics Inc.,0.08,211297,15604283.45,US69366J2006,69366J200,B17VCN9
HIMS,Hims & Hers Health Inc.,0.08,591888,15477871.2,US4330001060,433000106,BN46048
PTGX,Protagonist Therapeutics Inc.,0.08,153055,15238155.8,US74366E1029,74366E102,BDCBCD8
NUVL,Nuvalent Inc. Class A,0.08,137170,15142196.3,US6707031075,670703107,BMVBZD3
RYTM,Rhythm Pharmaceuticals Inc.,0.08,163803,14467080.96,US76243J1051,76243J105,BF2YWG4
LGND,Ligand Pharmaceuticals Inc.,0.07,58293,13521644.28,US53220K5048,53220K504,2501578
SHC,Sotera Health Co.,0.07,834470,13051110.8,US83601L1026,83601L102,BNKVRZ7
COGT,Cogent Biosciences Inc.,0.07,368009,12865594.64,US19240Q2012,19240Q201,BLR6XK8
MIRM,Mirum Pharmaceuticals Inc.,0.07,126652,12855178.0,US6047491013,604749101,BJDX8Y8
SYRE,Spyre Therapeutics Inc.,0.07,168110,12356085.0,US00773J2024,00773J202,BQBBDY8
LIVN,LivaNova plc,0.06,164205,12118329.0,GB00BYMT0J19,G5509L101,BYMT0J1
LQDA,Liquidia Technologies Inc.,0.06,191522,11847550.92,US53635D2027,53635D202,BYVJ8J8
TVTX,Travere Therapeutics Inc.,0.06,248898,11743007.64,US89422G1076,89422G107,BLFGJD5
NVST,Envista Holdings Corp.,0.06,491289,11569855.95,US29415F1049,29415F104,BK63SF3
TWST,Twist Bioscience Corp.,0.06,170051,11371310.37,US90184D1000,90184D100,BGKG6G7
MMSI,Merit Medical Systems Inc.,0.06,178805,11275443.3,US5898891040,589889104,2580555
INDV,Indivior Pharmaceuticals Inc.,0.06,310687,11190945.74,US45579U1097,45579U109,BTZRLN8
VCYT,Veracyte Inc.,0.06,238347,11044999.98,US92337F1075,92337F107,BFTWZY0
IRTC,iRhythm Technologies Inc.,0.06,96954,11043060.6,US4500561067,450056106,BYT4ST5
SRRK,Scholar Rock Holding Corp.,0.06,223903,11038417.9,US80706P1030,80706P103,BFZQ0L8
RDNT,RadNet Inc.,0.06,198220,11007156.6,US7504911022,750491102,B1JNG19
KYMR,Kymera Therapeutics Inc.,0.06,134665,10964424.3,US5015751044,501575104,BMPRZV5
VKTX,Viking Therapeutics Inc.,0.06,330183,10810191.42,US92686J1060,92686J106,BQQG1V1
OGN,Organon & Co.,0.05,778961,10391339.74,US68622V1061,68622V106,BLDC8J4
CPRX,Catalyst Pharmaceuticals Inc.,0.05,329544,10291659.12,US14888U1016,14888U101,B1G7Q03
DNTH,Dianthus Therapeutics Inc.,0.05,110197,10249422.97,US2528281080,252828108,BN4J951
OPCH,Option Care Health Inc.,0.05,469091,9789929.17,US68404L2016,68404L201,BKM5C62
CRNX,Crinetics Pharmaceuticals Inc.,0.05,274738,9766935.9,US22663K1079,22663K107,BDD19F8
ICUI,ICU Medical Inc.,0.05,71178,9636789.42,US44930G1076,44930G107,2451918
CGON,CG oncology Inc.,0.05,151914,9462723.06,US1569441009,156944100,BRBCSP4
HAE,Haemonetics Corp.,0.05,139316,9447017.96,US4050241003,405024100,2401195
APGE,Apogee Therapeutics Inc.,0.05,114611,9414147.54,US03770N1019,03770N101,BM9HHL5
ITGR,Integer Holdings Corp.,0.05,103143,9218921.34,US45826H1095,45826H109,BD06LM7
TXG,10X Genomics Inc. Class A,0.05,317482,8986328.01,US88025U1097,88025U109,BKS3RS7
ALHC,Alignment Healthcare Inc.,0.05,581853,8913987.96,US01625V1044,01625V104,BNNLSZ1
BEAM,Beam Therapeutics Inc.,0.05,267253,8800641.29,US07373V1052,07373V105,BK6L288
CON,Concentra Group Holdings Parent Inc.,0.05,347193,8634689.91,US20603L1026,20603L102,BSWW195
DNLI,Denali Therapeutics Inc.,0.04,404306,8506598.24,US24823R1059,24823R105,BD2B4V0
BKD,Brookdale Senior Living Inc.,0.04,641687,8258511.69,US1124631045,112463104,B0PZN33
GRAL,GRAIL Inc.,0.04,113767,8154818.56,US3847471014,384747101,BSLSSX7
IBRX,ImmunityBio Inc.,0.04,1078873,8113124.96,US45256X1037,45256X103,BNSP0B8
DOCS,Doximity Inc. Class A,0.04,361564,7737469.6,US26622P1075,26622P107,BMD22Y4
SUPN,Supernus Pharmaceuticals Inc.,0.04,164014,7574166.52,US8684591089,868459108,B72ZBG4
ACAD,ACADIA Pharmaceuticals Inc.,0.04,345059,7473977.94,US0042251084,004225108,2713317
ARQT,Arcutis Biotherapeutics Inc.,0.04,334687,7182383.02,US03969K1088,03969K108,BKX9VD3
IDYA,Ideaya Biosciences Inc.,0.04,236805,6978643.35,US45166A1025,45166A102,BK0VHF6
SMMT,Summit Therapeutics Inc.,0.04,395664,6939946.56,US86627T1088,86627T108,BMTVQS7
NHC,National HealthCare Corp.,0.04,37280,6875177.6,US6359061008,635906100,2139731
DFTX,Definium Therapeutics Inc.,0.04,284017,6870371.23,CA24477V1058,24477V105,BV2DHY6
WAY,Waystar Holding Corp.,0.04,344105,6851130.55,US9467841055,946784105,BSWYNW8
PBH,Prestige Consumer Healthcare Inc.,0.04,141893,6744174.29,US74112D1019,74112D101,B0650P3
DYN,Dyne Therapeutics Inc.,0.04,345926,6686749.58,US26818M1080,26818M108,BN15WD1
RCUS,Arcus Biosciences Inc.,0.04,263143,6668043.62,US03969F1093,03969F109,BDZT9Y9
IMVT,Immunovant Inc.,0.03,198416,6607252.8,US45258J1025,45258J102,BJRFSB7
TMDX,TransMedics Group Inc.,0.03,97989,6584860.8,US89377M1099,89377M109,BK6TM04
HNGE,Hinge Health Inc. Class A,0.03,114675,6445881.75,US4333131039,433313103,BV99FG5
CLDX,Celldex Therapeutics Inc.,0.03,201361,6328776.23,US15117B2025,15117B202,BJLV8T9
AMRX,Amneal Pharmaceuticals Inc.,0.03,479845,6319558.65,US03168L1052,03168L105,BFNF1D6
PRVA,Privia Health Group Inc.,0.03,291912,6279027.12,US74276R1023,74276R102,BMDP209
XRAY,Dentsply Sirona Inc.,0.03,598187,6263017.89,US24906P1093,24906P109,BYNPPC6
CELC,Celcuity Inc.,0.03,47109,6259843.92,US15102K1007,15102K100,BDH6M05
NAMS,Newamsterdam Pharma Co. NV,0.03,181004,6096214.72,NL00150012L7,,BP8JSP4
RARE,Ultragenyx Pharmaceutical Inc.,0.03,250651,6000584.94,US90400D1081,90400D108,BJ62Z18
ERAS,Erasca Inc.,0.03,465951,5982810.84,US29479A1088,29479A108,BNLYBF3
NKTR,Nektar Therapeutics,0.03,92000,5968960.0,US6402683063,640268306,BVDKG05
IMNM,Immunome Inc.,0.03,271423,5925164.09,US45257U1088,45257U108,BM8FWX7
OMCL,Omnicell Inc.,0.03,132920,5867088.8,US68213N1090,68213N109,2789523
AXGN,Axogen Inc.,0.03,147791,5834788.68,US05463X1063,05463X106,B7254K9
LMAT,LeMaitre Vascular Inc.,0.03,61441,5815390.65,US5255582018,525558201,B1G6TJ0
NEOG,Neogen Corp.,0.03,620166,5562889.02,US6404911066,640491106,2630085
PGNY,Progyny Inc.,0.03,217256,5553063.36,US74340E1038,74340E103,BKWD3M9
BCRX,BioCryst Pharmaceuticals Inc.,0.03,622134,5543213.94,US09058V1035,09058V103,2100362
ORKA,Oruka Therapeutics Inc.,0.03,94188,5512823.64,US6876041087,687604108,BKVF0J2
TNGX,Tango Therapeutics Inc.,0.03,248641,5465129.18,US87583X1090,87583X109,BP2P6L0
ACHC,Acadia Healthcare Co. Inc.,0.03,234612,5442998.4,US00404A1097,00404A109,B65VZ37
NTLA,Intellia Therapeutics Inc.,0.03,384014,5403076.98,US45826J1051,45826J105,BYZM6C2
MD,MEDNAX Inc.,0.03,249059,5364730.86,US58502B1061,58502B106,2677640
SRPT,Sarepta Therapeutics Inc.,0.03,298880,5340985.6,US8036071004,803607100,B8DPDT7
KNSA,Kiniksa Pharmaceuticals International plc Class A,0.03,110082,5325767.16,GB00BRXB0C07,G52694109,BRXB0C0
TARS,Tarsus Pharmaceuticals Inc.,0.03,89321,5305667.4,US87650L1035,87650L103,BMH5RL1
ADMA,ADMA Biologics Inc.,0.03,661765,5280884.7,US0008991046,000899104,B9NSBM2
ADPT,Adaptive Biotechnologies Corp.,0.03,348041,5272821.15,US00650F1093,00650F109,BJ5FZ74
MLYS,Mineralys Therapeutics Inc.,0.03,166894,5257161.0,US6031701013,603170101,BP9N0G0
NVCR,Novocure Ltd.,0.03,307090,5232813.6,JE00BYSS4X48,G6674U108,BYSS4X4
SEM,Select Medical Holdings Corp.,0.03,316054,5214891.0,US81619Q1058,81619Q105,B4MF0Q6
CRVL,CorVel Corp.,0.03,84373,5210032.75,US2210061097,221006109,2347277
IRON,Disc Medicine Inc.,0.03,74410,5176703.7,US2546041011,254604101,BMGJZJ8
VCEL,Vericel Corp.,0.03,153205,5106322.65,US92346J1088,92346J108,BSBMN89
RXRX,Recursion Pharmaceuticals Inc. Class A,0.03,1409516,5060162.44,US75629V1044,75629V104,BM9FJ13
ASTH,Apollo Medical Holdings Inc.,0.03,133641,5027574.42,US03763A2078,03763A207,BX3SQS1
SLS,SELLAS Life Sciences Group Inc.,0.03,538266,5011256.46,US81642T2096,81642T209,BG0WPH9
ADUS,Addus HomeCare Corp.,0.03,54510,4997476.8,US0067391062,006739106,B55BN47
RLAY,Relay Therapeutics Inc.,0.03,353782,4970637.1,US75943R1023,75943R102,BN2R582
EWTX,Edgewise Therapeutics Inc.,0.03,144768,4945274.88,US28036F1057,28036F105,BKY5JZ8
SNDX,Syndax Pharmaceuticals Inc.,0.03,251280,4922575.2,US87164F1057,87164F105,BN7Q7R7
AUPH,Aurinia Pharmaceuticals Inc.,0.03,318875,4888353.75,CA05156V1022,05156V102,BFWLC09
AGIO,Agios Pharmaceuticals Inc.,0.03,166145,4884663.0,US00847X1046,00847X104,BCBVTX1
CLOV,Clover Health Investments Corp. Class A,0.03,1221924,4863257.52,US18914F1030,18914F103,BNQS7K7
UFPT,UFP Technologies Inc.,0.03,21947,4830534.7,US9026731029,902673102,2908652
PRGO,Perrigo Co. plc,0.02,414128,4576114.4,IE00BGH1M568,G97822103,BGH1M56
VERA,Vera Therapeutics Inc. Class A,0.02,128416,4561336.32,US92337R1014,92337R101,BL55460
NVAX,Novavax Inc.,0.02,415035,4552933.95,US6700024010,670002401,BJDQXG4
HRMY,Harmony Biosciences Holdings Inc.,0.02,143068,4519518.12,US4131971040,413197104,BKSGZN7
INVA,Innoviva Inc.,0.02,210669,4512529.98,US45781M1018,45781M101,BDDXF67
ALMS,Alumis Inc.,0.02,203084,4386614.4,US0223071020,022307102,BPLQG36
PACS,PACS Group Inc.,0.02,117801,4317406.65,US69380Q1076,69380Q107,BPW6WD7
IOVA,Iovance Biotherapeutics Inc.,0.02,1049918,4304663.8,US4622601007,462260100,BF0DMK7
ANIP,ANI Pharmaceuticals Inc.,0.02,54558,4283348.58,US00182C1036,00182C103,BCDWBX6
PRCT,Procept Biorobotics Corp.,0.02,160631,4229414.23,US74276L1052,74276L105,BMYRFV6
ARDX,Ardelyx Inc.,0.02,698601,4219550.04,US0396971071,039697107,BN89V40
FTRE,Fortrea Holdings Inc.,0.02,272566,4194790.74,US34965K1079,34965K107,BRXYZ57
CAPR,Capricor Therapeutics Inc.,0.02,138691,4155182.36,US14070B3096,14070B309,BK7Y2Z3
OCUL,Ocular Therapeutix Inc.,0.02,457037,4117903.37,US67576A1007,67576A100,BNZB1X8
BHVN,Biohaven Ltd.,0.02,372197,4097888.97,VGG1110E1079,G1110E107,BPLZ7S5
VRDN,Viridian Therapeutics Inc.,0.02,231852,4085232.24,US92790C1045,92790C104,BMDH2B6
NEO,NeoGenomics Inc.,0.02,387546,4076983.92,US64049M2098,64049M209,2598246
TRVI,Trevi Therapeutics Inc.,0.02,286762,4054814.68,US89532M1018,89532M101,BJH9ZN0
TDOC,Teladoc Health Inc.,0.02,532199,4050034.39,US87918A1051,87918A105,BYQRFY1
LFST,LifeStance Health Group Inc.,0.02,525120,4048675.2,US53228F1012,53228F101,BN0TRB7
QURE,uniQure NV,0.02,140573,4010547.69,NL0010696654,N90064101,BJFSR88
ATRC,AtriCure Inc.,0.02,144217,3990484.39,US04963C2098,04963C209,B0C8KV2
ELVN,Enliven Therapeutics Inc.,0.02,100432,3974094.24,US29337E1029,29337E102,BMFD115
ENOV,Enovis Corp.,0.02,172038,3901821.84,US1940145022,194014502,BJLTMX5
ESTA,Establishment Labs Holdings Inc.,0.02,54938,3883567.22,VGG312491084,G31249108,BYVR2D4
HTFL,HeartFlow Inc.,0.02,115785,3587019.3,US42238D1072,42238D107,BV6KV30
TNDM,Tandem Diabetes Care Inc.,0.02,206978,3560021.6,US8753722037,875372203,BF3W461
PVLA,Palvella Therapeutics Inc.,0.02,30047,3559367.62,US6979471090,697947109,BTCG280
GRDN,Guardian Pharmacy Services Inc. Class A,0.02,91178,3532235.72,US40145W1018,40145W101,BS3D8K7
NUVB,Nuvation Bio Inc.,0.02,727446,3477191.88,US67080N1019,67080N101,BLNB9R6
STOK,Stoke Therapeutics Inc.,0.02,110849,3426342.59,US86150R1077,86150R107,BJQ05Z6
PNTG,Pennant Group Inc.,0.02,99567,3410169.75,US70805E1091,70805E109,BKTC976
KOD,Kodiak Sciences Inc.,0.02,92723,3403861.33,US50015M1099,50015M109,BFXC933
AVNS,Avanos Medical Inc.,0.02,136401,3382744.8,US05350V1061,05350V106,BFFVV54
VIR,Vir Biotechnology Inc.,0.02,351159,3350056.86,US92764N1028,92764N102,BK4PZ38
MNKD,MannKind Corp.,0.02,883867,3332178.59,US56400P7069,56400P706,BF081J4
AMN,AMN Healthcare Services Inc.,0.02,115014,3331955.58,US0017441017,001744101,2813552
HROW,Harrow Inc.,0.02,94443,3325338.03,US4158581094,415858109,BHNDW86
NRIX,Nurix Therapeutics Inc.,0.02,186163,3306254.88,US67080M1036,67080M103,BMVLGP2
URGN,UroGen Pharma Ltd.,0.02,116579,3279367.27,IL0011407140,M96088105,BZ7PJQ1
COLL,Collegium Pharmaceutical Inc.,0.02,97143,3264976.23,US19459J1043,19459J104,BX7RSN3
RAPP,Rapport Therapeutics Inc.,0.02,82426,3255827.0,US75383L1026,75383L102,BR3T9B6
CNMD,CONMED Corp.,0.02,90348,3225423.6,US2074101013,207410101,2216010
INSP,Inspire Medical Systems Inc.,0.02,77703,3213796.08,US4577301090,457730109,BDT5KT5
ATAI,AtaiBeckley Inc.,0.02,707817,3206411.01,US04650F1012,04650F101,BWJDYK1
IART,Integra LifeSciences Holdings Corp.,0.02,198151,3178342.04,US4579852082,457985208,2248693
SGRY,Surgery Partners Inc.,0.02,234128,3127950.08,US86881A1007,86881A100,BYTC1B2
XERS,Xeris Biopharma Holdings Inc.,0.02,506798,3121875.68,US98422E1038,98422E103,BLR7H87
AMLX,Amylyx Pharmaceuticals Inc.,0.02,215511,3092582.85,US03237H1014,03237H101,BPCK358
BLFS,BioLife Solutions Inc.,0.02,124070,3091824.4,US09062W2044,09062W204,BJH08B2
WGS,GeneDx Holdings Corp. Class A,0.02,59284,3082175.16,US81663L2007,81663L200,BR841G5
CDNA,CareDx Inc.,0.02,130553,2979219.46,US14167L1035,14167L103,BP3YM74
USPH,US Physical Therapy Inc.,0.02,45580,2928970.8,US90337L1089,90337L108,2911166
EYPT,EyePoint Inc.,0.02,212769,2889403.02,US30233G2093,30233G209,BMGS7L1
SDGR,Schrodinger Inc./United States,0.02,189916,2886723.2,US80810D1037,80810D103,BKV28S8
AGL,agilon health Inc.,0.02,31124,2872122.72,US00857U2069,00857U206,BWBR5L9
AZTA,Brooks Automation Inc.,0.02,124973,2859382.24,US1143401024,114340102,2145460
GLUE,Monte Rosa Therapeutics Inc.,0.01,143947,2837195.37,US61225M1027,61225M102,BP7KZP7
AORT,CryoLife Inc.,0.01,127192,2822390.48,US2289031005,228903100,2239017
ZYME,Zymeworks Inc.,0.01,109832,2760078.16,US98985Y1082,98985Y108,BPCQZY9
STAA,STAAR Surgical Co.,0.01,89075,2662451.75,US8523123052,852312305,2836292
QDEL,QuidelOrtho Corp.,0.01,203903,2654817.06,US2197981051,219798105,BM9VY27
ANAB,AnaptysBio Inc.,0.01,47400,2638758.0,US0327241065,032724106,BDRW1L7
ATEC,Alphatec Holdings Inc.,0.01,340323,2637503.25,US02081G2012,02081G201,BD60BG7
PCRX,Pacira BioSciences Inc.,0.01,112325,2608186.5,US6951271005,695127100,B3X26D8
AHCO,AdaptHealth Corp.,0.01,254697,2580080.61,US00653Q1022,00653Q102,BKDRF35
KALV,KalVista Pharmaceuticals Inc.,0.01,96015,2579923.05,US4834971032,483497103,BD06CS0
WVE,WaVe Life Sciences Ltd.,0.01,389482,2562791.56,SG9999014716,Y95308105,BYZG9R0
PGEN,Precigen Inc.,0.01,583683,2533184.22,US74017N1054,74017N105,BKM5C84
TSHA,Taysha Gene Therapies Inc.,0.01,430790,2528737.3,US8776191061,877619106,BNC1BX1
BFLY,Butterfly Network Inc. Class A,0.01,530300,2412865.0,US1241551027,124155102,BMHYQY4
ESPR,Esperion Therapeutics Inc.,0.01,752389,2354977.57,US29664W1053,29664W105,BBNBTD2
CRVS,Corvus Pharmaceuticals Inc.,0.01,188909,2344360.69,US2210151005,221015100,BYP80F1
PSNL,Personalis Inc.,0.01,203904,2324505.6,US71535D1063,71535D106,BJQ0608
OMER,Omeros Corp.,0.01,205072,2263994.88,US6821431029,682143102,B4NB858
IRMD,iRadimed Corp.,0.01,24782,2246736.12,US46266A1097,46266A109,BP4GNJ8
TYRA,Tyra Biosciences Inc.,0.01,66898,2235062.18,US90240B1061,90240B106,BMVNDH9
KURA,Kura Oncology Inc.,0.01,218711,2230852.2,US50127T1097,50127T109,BYZD465
CYRX,CryoPort Inc.,0.01,141893,2226301.17,US2290503075,229050307,BY2ZKK0
AVBP,ArriVent Biopharma Inc.,0.01,72990,2209407.3,US04272N1028,04272N102,BMGTLY5
INBX,Inhibrx Biosciences Inc.,0.01,20799,2163303.99,US45720N1037,45720N103,BNSP8K3
AURA,Aura Biosciences Inc.,0.01,279337,2086647.39,US05153U1079,05153U107,BP81R42
OLMA,Olema Pharmaceuticals Inc.,0.01,156814,2068376.66,US68062P1066,68062P106,BMZ4LN0
MLTX,MoonLake Immunotherapeutics Class A,0.01,107594,2063652.92,KY61559X1045,61559X104,BNG3F86
MBX,MBX Biosciences Inc.,0.01,64117,2017761.99,US55287L1017,55287L101,BQXJKH2
CERT,Certara Inc.,0.01,346249,2015169.18,US15687V1098,15687V109,BM9GT61
ANNX,Annexon Inc.,0.01,365629,1981709.18,US03589W1027,03589W102,BMVV9R5
ABUS,Arbutus Biopharma Corp.,0.01,428672,1954744.32,CA03879J1003,03879J100,BZ0QMB7
TALK,Talkspace Inc.,0.01,375631,1953281.2,US87427V1035,87427V103,BP7L970
JBIO,Jade Biosciences Inc.,0.01,92416,1944432.64,US0080642061,008064206,BVDFZW5
PAHC,Phibro Animal Health Corp. Class A,0.01,62584,1926961.36,US71742Q1067,71742Q106,BL95N25
BCAX,Bicara Therapeutics Inc.,0.01,88401,1922721.75,US0554771032,055477103,BQB42F1
TLRY,Tilray Inc. Class 2,0.01,347389,1914113.39,US88688T2096,88688T209,BSTKW77
TBPH,Theravance Biopharma Inc.,0.01,116387,1869175.22,KYG8807B1068,G8807B106,BMNDK09
CGEM,Cullinan Therapeutics Inc.,0.01,113503,1865989.32,US2300311063,230031106,BM90J52
MAZE,Maze Therapeutics Inc.,0.01,70409,1863022.14,US5787841007,578784100,BSRK699
AMPH,Amphastar Pharmaceuticals Inc.,0.01,96836,1825358.6,US03209R1032,03209R103,BNFWZS4
SIBN,SI-BONE Inc.,0.01,127506,1797834.6,US8257041090,825704109,BZ0WN34
GERN,Geron Corp.,0.01,1432603,1790753.75,US3741631036,374163103,2370381
MGTX,MeiraGTx Holdings plc,0.01,166659,1774918.35,KYG596651029,G59665102,BFYQFJ2
RLMD,Relmada Therapeutics Inc.,0.01,243663,1756810.23,US75955J4022,75955J402,BK71LV3
CRMD,CorMedix Inc.,0.01,207353,1750059.32,US21900C3088,21900C308,BJ0LT31
CTMX,CytomX Therapeutics Inc.,0.01,482370,1736532.0,US23284F1057,23284F105,BYWVTY5
HSTM,HealthStream Inc.,0.01,69462,1734466.14,US42222N1037,42222N103,2577870
SION,Sionna Therapeutics Inc.,0.01,40477,1733225.14,US8294011080,829401108,BQKXDX4
ALT,Altimmune Inc.,0.01,567179,1729895.95,US02155H2004,02155H200,BFY7DC4
SANA,Sana Biotechnology Inc.,0.01,520072,1716237.6,US7995661045,799566104,BMFJJ97
JANX,Janux Therapeutics Inc.,0.01,117140,1709072.6,US47103J1051,47103J105,BMFX8Y7
CSTL,Castle Biosciences Inc.,0.01,80255,1691775.4,US14843C1053,14843C105,BKLCWZ3
ALLO,Allogene Therapeutics Inc.,0.01,774036,1679658.12,US0197701065,019770106,BFZNYB7
OPK,OPKO Health Inc.,0.01,1140715,1665443.9,US68375N1037,68375N103,2115902
CERS,Cerus Corp.,0.01,547317,1663843.68,US1570851014,157085101,2222471
TCMD,Tactile Systems Technology Inc.,0.01,67360,1657729.6,US87357P1003,87357P100,BZB1XF2
RIGL,Rigel Pharmaceuticals Inc.,0.01,53959,1645209.91,US7665597024,766559702,BQD3J33
AVAH,Aveanna Healthcare Holdings Inc.,0.01,228112,1635563.04,US05356F1057,05356F105,BNYK9Y3
XNCR,Xencor Inc.,0.01,137622,1634949.36,US98401F1057,98401F105,BGCYWN8
MLAB,Mesa Laboratories Inc.,0.01,15724,1604162.48,US59064R1095,59064R109,2553814
EDIT,Editas Medicine Inc.,0.01,460279,1592565.34,US28106W1036,28106W103,BZ8FPH3
IRWD,Ironwood Pharmaceuticals Inc. Class A,0.01,436023,1556602.11,US46333X1081,46333X108,B3MZ6K5
MRVI,Maravai LifeSciences Holdings Inc. Class A,0.01,323659,1553563.2,US56600D1072,56600D107,BMCWKZ2
KMTS,Kestra Medical Technologies Ltd.,0.01,70024,1488710.24,BMG524411052,G52441105,BSJQPL0
ACRS,Aclaris Therapeutics Inc.,0.01,323001,1469654.55,US00461U1051,00461U105,BYV2W40
ZBIO,Zenas Biopharma Inc.,0.01,79511,1463002.4,US98937L1052,98937L105,BQB42H3
ARVN,Arvinas Inc.,0.01,162748,1461477.04,US04335A1051,04335A105,BDZ30Q0
SVRA,Savara Inc.,0.01,276830,1439516.0,US8051111016,805111101,BYXGN81
PHAT,Phathom Pharmaceuticals Inc.,0.01,147697,1416414.23,US71722W1071,71722W107,BJLKVS6
LXRX,Lexicon Pharmaceuticals Inc.,0.01,635221,1384781.78,US5288723027,528872302,BWFZX59
STRO,Sutro Biopharma Inc.,0.01,47188,1379305.24,US8693672011,869367201,BTFHQP5
EBS,Emergent BioSolutions Inc.,0.01,151030,1377393.6,US29089Q1058,29089Q105,B1HJLW5
CTKB,Cytek Biosciences Inc.,0.01,324066,1357836.54,US23285D1090,23285D109,BP0TJS2
PHR,Phreesia Inc.,0.01,137709,1357810.74,US71944F1066,71944F106,BKF9DQ8
OCGN,Ocugen Inc.,0.01,983550,1357299.0,US67577C1053,67577C105,BK71M09
PRTA,Prothena Corp. plc,0.01,129430,1317597.4,IE00B91XRN20,G72800108,B91XRN2
REPL,Replimune Group Inc.,0.01,150348,1306524.12,US76029N1063,76029N106,BDDVW37
VREX,Varex Imaging Corp.,0.01,126613,1295250.99,US92214X1063,92214X106,BDQYWV1
SPRY,ARS Pharmaceuticals Inc.,0.01,141620,1284493.4,US82835W1080,82835W108,BMCR7V2
PLSE,Pulse Biosciences Inc.,0.01,50980,1274500.0,US74587B1017,74587B101,BD02SG8
MDXG,MiMedx Group Inc.,0.01,340872,1254408.96,US6024961012,602496101,B1Z3TW5
ANGO,AngioDynamics Inc.,0.01,108419,1244650.12,US03475V1017,03475V101,B00CR04
CBLL,Ceribell Inc.,0.01,64906,1197515.7,US15678C1027,15678C102,BQFN254
SLDB,Solid Biosciences Inc.,0.01,162429,1192228.86,US83422E2046,83422E204,BQHN6C7
TRAX,First Tracks Biotherapeutics Inc.,0.01,72950,1164282.0,US3371851029,337185102,BS2CR64
CCRN,Cross Country Healthcare Inc.,0.01,88002,1151946.18,US2274831047,227483104,2809056
XOMA,XOMA Corp.,0.01,26803,1117953.13,US98419J2069,98419J206,BYP7GF0
EVH,Evolent Health Inc. Class A,0.01,282147,1114480.65,US30050B1017,30050B101,BYLY8H1
MYGN,Myriad Genetics Inc.,0.01,279799,1110802.03,US62855J1043,62855J104,2614153
PRME,Prime Medicine Inc.,0.01,311499,1105821.45,US74168J1016,74168J101,BPBJFM7
ORIC,ORIC Pharmaceuticals Inc.,0.01,130374,1101660.3,US68622P1093,68622P109,BKVDFF7
CATX,Perspective Therapeutics Inc.,0.01,276361,1088862.34,US46489V3024,46489V302,BS096W6
PACB,Pacific Biosciences of California Inc.,0.01,724432,1079403.68,US69404D1081,69404D108,B4N8MH9
FDMT,4D Molecular Therapeutics Inc.,0.01,107284,1063184.44,US35104E1001,35104E100,BKLXFX5
DNA,Ginkgo Bioworks Holdings Inc.,0.01,112325,1052485.25,US37611X2099,37611X209,BQ2JNX0
OMDA,Omada Health Inc.,0.01,57422,1031873.34,US68170A1088,68170A108,BTNLPC9
FLGT,Fulgent Genetics Inc.,0.01,56321,1021662.94,US3596641098,359664109,BYQBFQ5
BVS,Bioventus Inc.,0.01,119547,1017344.97,US09075A1088,09075A108,BD6P6L2
VNDA,Vanda Pharmaceuticals Inc.,0.01,155298,1001672.1,US9216591084,921659108,B12W3P6
FULC,Fulcrum Therapeutics Inc.,0.01,139898,968094.16,US3596161097,359616109,BJDX8Z9
CYH,Community Health Systems Inc.,0.0,348603,948200.16,US2036681086,203668108,2600248
VOR,Vor BioPharma Inc.,0.0,60921,911987.37,US9290332074,929033207,BRJJYT3
STTK,Shattuck Labs Inc.,0.0,152989,910284.55,US82024L1035,82024L103,BM8FWT3
RGNX,REGENXBIO Inc.,0.0,129557,908194.57,US75901B1070,75901B107,BZ0G875
KIDS,OrthoPediatrics Corp.,0.0,52143,895295.31,US68752L1008,68752L100,BYWL5L4
SEPN,Septerna Inc.,0.0,29634,894946.8,US81734D1046,81734D104,BQNKXX2
EOLS,Evolus Inc.,0.0,135247,887220.32,US30052C1071,30052C107,BDRJH21
SLP,Simulations Plus Inc.,0.0,51837,886931.07,US8292141053,829214105,2122560
OFIX,Orthofix Medical Inc.,0.0,94025,871611.75,US68752M1080,68752M108,BGGJFT6
TOI,Oncology Institute Inc.,0.0,180218,845222.42,US68236X1000,68236X100,BL6CB69
GDRX,GoodRx Holdings Inc. Class A,0.0,278203,812352.76,US38246G1085,38246G108,BMTVQT8
CBIO,Crescent Biopharma Inc.,0.0,39268,810884.2,KYG2545C1042,G2545C104,BS43YZ3
AVXL,Anavex Life Sciences Corp.,0.0,266123,806352.69,US0327973006,032797300,BYTYP72
RCKT,Rocket Pharmaceuticals Inc.,0.0,259053,795292.71,US77313F1066,77313F106,BDFKQ07
TECX,Tectonic Therapeutic Inc.,0.0,25356,790219.74,US8789721086,878972108,BPBPCG8
OSUR,OraSure Technologies Inc.,0.0,183135,787480.5,US68554V1089,68554V108,2318790
LAB,Fluidigm Corp.,0.0,672261,773100.15,US34385P1084,34385P108,B3D32T9
FATE,Fate Therapeutics Inc.,0.0,271561,771233.24,US31189P1021,31189P102,BCZS820
AKBA,Akebia Therapeutics Inc.,0.0,751608,766640.16,US00972D1054,00972D105,BKKMP44
EVMN,Evommune Inc.,0.0,32420,753116.6,US30054Y1073,30054Y107,BT3CT08
HUMA,Humacyte Inc.,0.0,566443,736375.9,US44486Q1031,44486Q103,BMYTJP4
MPLT,MapLight Therapeutics Inc.,0.0,24838,728001.78,US56565P1030,56565P103,BTMJLW6
AVIR,Atea Pharmaceuticals Inc.,0.0,153768,718096.56,US04683R1068,04683R106,BLN9Z50
ASMB,Assembly Biosciences Inc.,0.0,24982,691002.12,US0453962070,045396207,BSF1TH3
VSTM,Verastem Inc.,0.0,158282,685361.06,US92337C2035,92337C203,BRK1S18
OABI,OmniAb Inc.,0.0,238155,643018.5,US68218J1034,68218J103,BN13S71
RXST,RxSight Inc.,0.0,117616,626893.28,US78349D1072,78349D107,BMJ0GR3
RZLT,Rezolute Inc.,0.0,186821,616509.3,US76200L3096,76200L309,BMY7XX4
CMPX,Compass Therapeutics Inc.,0.0,256900,611422.0,US20454B1044,20454B104,BMF7DQ6
UPB,Upstream Bio Inc.,0.0,72472,605865.92,US91678A1079,91678A107,BRCFFK6
ZNTL,Zentalis Pharmaceuticals Inc.,0.0,150598,602392.0,US98943L1070,98943L107,BMQ5T49
LRMR,Larimar Therapeutics Inc.,0.0,171495,596802.6,US5171251003,517125100,BMXNGZ6
QSI,Quantum-Si Inc.,0.0,495260,589359.4,US74765K1051,74765K105,BNR5QT9
EMBC,Embecta Corp.,0.0,168963,571094.94,US29082K1051,29082K105,BMXWYR1
ARCT,Arcturus Therapeutics Holdings Inc.,0.0,71491,566208.72,US03969T1097,03969T109,BKC9SX3
NGNE,Neurogene Inc.,0.0,19925,564674.5,US64135M1053,64135M105,BS2F741
LMRI,Lumexa Imaging Holdings Inc.,0.0,72046,560517.88,US5502491062,550249106,BWH3RP9
SIGA,SIGA Technologies Inc.,0.0,118721,555614.28,US8269171067,826917106,2107437
KROS,Keros Therapeutics Inc.,0.0,49120,552600.0,US4923271013,492327101,BM7V485
ACH,Owens & Minor Inc.,0.0,184220,523184.8,US6907321029,690732102,2665128
TMCI,Treace Medical Concepts Inc.,0.0,150606,521096.76,US89455T1097,89455T109,BNG47W7
ALEC,Alector Inc.,0.0,229241,495160.56,US0144421072,014442107,BJ4LDC4
LYEL,Lyell Immunopharma Inc.,0.0,28059,486262.47,US55083R2031,55083R203,BTNMG41
ORGO,Organogenesis Holdings Inc. Class A,0.0,189147,486107.79,US68621F1021,68621F102,BF2KYH7
IPSC,Century Therapeutics Inc.,0.0,188951,462929.95,US15673T1007,15673T100,BNK9MY5
LENZ,LENZ Therapeutics Inc.,0.0,56574,440145.72,US52635N1037,52635N103,BQV0J03
HRTX,Heron Therapeutics Inc.,0.0,470465,409351.6,US4277461020,427746102,BJ0XLZ3
TRDA,Entrada Therapeutics Inc.,0.0,57115,403803.05,US29384C1080,29384C108,BP81RK8
QTRX,Quanterix Corp.,0.0,124660,381459.6,US74766Q1013,74766Q101,BD1KGN4
KRRO,Korro Bio Inc.,0.0,28171,377773.11,US5009461089,500946108,BSBJKP6
CTEV,Claritev Corp. Class A,0.0,15029,377528.48,US62548M2098,62548M209,BRQPHW8
MXCT,MaxCyte Inc.,0.0,301966,365378.86,US57777K1060,57777K106,BKMQF66
NMRA,Neumora Therapeutics Inc.,0.0,179998,332996.3,US6409791000,640979100,BN4JN37
ALDX,Aldeyra Therapeutics Inc.,0.0,154611,270569.25,US01438T1060,01438T106,BLD36T3
FLNA,Cassava Sciences Inc.,0.0,132117,203460.18,US14817C1071,14817C107,BJVLKZ9
PLRX,Pliant Therapeutics Inc.,0.0,153162,192984.12,US7291391057,729139105,BMDWW66
DCGO,DocGo Inc.,0.0,259261,170593.74,US2560861096,256086109,BKP4P23
HCAT,Health Catalyst Inc.,0.0,120902,166844.76,US42225T1079,42225T107,BKLCX50
GOSS,Gossamer Bio Inc.,0.0,541950,125136.26,US38341P1021,38341P102,BJ0CK86
DH,Definitive Healthcare Corp. Class A,0.0,60121,55960.63,US24477E1038,24477E103,BMGSDK2
ARDT,Ardent Health Inc.,0.0,32,295.36,US03980N1072,03980N107,BSF1W07
MGNX,MacroGenics Inc.,0.0,52,216.32,US5560991094,556099109,BFDV8K0
ALXO,ALX Oncology Holdings Inc.,0.0,36,68.4,US00166B1052,00166B105,BLN7XQ1
